year,month,brand,bev_count
2016,1,BMW,10
2016,1,CITROEN,1
2016,1,KIA,12
2016,1,MERCEDES-BENZ,10
2016,1,MITSUBISHI,1
2016,1,NISSAN,16
2016,1,PEUGEOT,5
2016,1,RENAULT,29
2016,1,TESLA,140
2016,1,VW,10
2016,2,BMW,11
2016,2,CITROEN,3
2016,2,KIA,7
2016,2,MERCEDES-BENZ,13
2016,2,MITSUBISHI,5
2016,2,NISSAN,11
2016,2,RENAULT,21
2016,2,TESLA,61
2016,2,VW,6
2016,3,BMW,7
2016,3,CITROEN,2
2016,3,KIA,12
2016,3,MERCEDES-BENZ,5
2016,3,MITSUBISHI,18
2016,3,NISSAN,52
2016,3,PEUGEOT,5
2016,3,RENAULT,53
2016,3,SECMA,1
2016,3,SMART,2
2016,3,STIMBO,1
2016,3,TAZZARI,4
2016,3,TESLA,243
2016,3,VW,11
2016,4,BMW,5
2016,4,CITROEN,9
2016,4,KIA,11
2016,4,MERCEDES-BENZ,11
2016,4,MITSUBISHI,12
2016,4,NISSAN,35
2016,4,PEUGEOT,5
2016,4,RENAULT,41
2016,4,TESLA,84
2016,4,VW,9
2016,5,BMW,18
2016,5,CITROEN,6
2016,5,KIA,9
2016,5,MERCEDES-BENZ,13
2016,5,MITSUBISHI,3
2016,5,NISSAN,11
2016,5,PEUGEOT,1
2016,5,RENAULT,40
2016,5,SMART,1
2016,5,TESLA,59
2016,5,VW,13
2016,6,BMW,21
2016,6,CITROEN,14
2016,6,KIA,17
2016,6,MERCEDES-BENZ,17
2016,6,MITSUBISHI,7
2016,6,NISSAN,23
2016,6,PEUGEOT,5
2016,6,RENAULT,35
2016,6,TESLA,212
2016,6,VW,9
2016,7,BMW,3
2016,7,CITROEN,12
2016,7,FORD-CNG-TECHNIK,2
2016,7,KIA,6
2016,7,MERCEDES-BENZ,12
2016,7,MITSUBISHI,5
2016,7,NISSAN,7
2016,7,PEUGEOT,4
2016,7,RENAULT,25
2016,7,TESLA,50
2016,7,VW,6
2016,8,BMW,30
2016,8,CITROEN,6
2016,8,KIA,10
2016,8,MERCEDES-BENZ,32
2016,8,MITSUBISHI,4
2016,8,NISSAN,10
2016,8,PEUGEOT,4
2016,8,RENAULT,36
2016,8,TESLA,120
2016,8,VW,6
2016,9,BMW,35
2016,9,CITROEN,15
2016,9,KIA,9
2016,9,MERCEDES-BENZ,18
2016,9,MITSUBISHI,5
2016,9,NISSAN,8
2016,9,PEUGEOT,2
2016,9,RENAULT,38
2016,9,TESLA,316
2016,9,VW,7
2016,10,BMW,43
2016,10,CITROEN,5
2016,10,HYUNDAI,1
2016,10,KIA,7
2016,10,MERCEDES-BENZ,14
2016,10,MITSUBISHI,1
2016,10,NISSAN,8
2016,10,RENAULT,36
2016,10,TESLA,79
2016,10,VW,4
2016,11,BMW,13
2016,11,CITROEN,1
2016,11,HYUNDAI,1
2016,11,JUMBOLINO,1
2016,11,KIA,4
2016,11,MERCEDES-BENZ,9
2016,11,MITSUBISHI,2
2016,11,NISSAN,12
2016,11,PEUGEOT,3
2016,11,RENAULT,26
2016,11,STIMBO,1
2016,11,TESLA,98
2016,11,VW,3
2016,12,BMW,127
2016,12,CITROEN,2
2016,12,HYUNDAI,28
2016,12,JUMBOLINO,2
2016,12,KIA,67
2016,12,MERCEDES-BENZ,8
2016,12,MITSUBISHI,2
2016,12,NISSAN,18
2016,12,RENAULT,28
2016,12,TESLA,243
2016,12,VW,16
2017,1,BMW,74
2017,1,CITROEN,3
2017,1,HYUNDAI,7
2017,1,KIA,1
2017,1,MERCEDES-BENZ,8
2017,1,MITSUBISHI,1
2017,1,NISSAN,23
2017,1,PEUGEOT,3
2017,1,RENAULT,71
2017,1,TESLA,104
2017,1,VW,6
2017,2,BMW,20
2017,2,CITROEN,4
2017,2,FORD-CNG-TECHNIK,1
2017,2,HYUNDAI,2
2017,2,KIA,7
2017,2,MERCEDES-BENZ,11
2017,2,MITSUBISHI,2
2017,2,NISSAN,16
2017,2,PEUGEOT,2
2017,2,RENAULT,82
2017,2,STIMBO,1
2017,2,TESLA,48
2017,2,VW,4
2017,3,BMW,39
2017,3,CITROEN,3
2017,3,HYUNDAI,6
2017,3,KIA,5
2017,3,MERCEDES-BENZ,9
2017,3,MITSUBISHI,6
2017,3,NISSAN,36
2017,3,PEUGEOT,1
2017,3,RENAULT,51
2017,3,TESLA,404
2017,3,VW,11
2017,4,BMW,32
2017,4,CITROEN,6
2017,4,HYUNDAI,7
2017,4,KIA,6
2017,4,MERCEDES-BENZ,10
2017,4,MITSUBISHI,9
2017,4,NISSAN,8
2017,4,OPEL,8
2017,4,PEUGEOT,8
2017,4,RENAULT,16
2017,4,TESLA,86
2017,4,VW,24
2017,5,BMW,45
2017,5,CITROEN,5
2017,5,FORD-CNG-TECHNIK,2
2017,5,HYUNDAI,5
2017,5,KIA,5
2017,5,MERCEDES-BENZ,13
2017,5,MITSUBISHI,6
2017,5,NISSAN,16
2017,5,PEUGEOT,3
2017,5,RENAULT,24
2017,5,TESLA,114
2017,5,VW,16
2017,6,BMW,27
2017,6,CITROEN,5
2017,6,FORD-CNG-TECHNIK,2
2017,6,HYUNDAI,8
2017,6,KIA,18
2017,6,MERCEDES-BENZ,9
2017,6,MITSUBISHI,3
2017,6,NISSAN,12
2017,6,RENAULT,99
2017,6,TAZZARI,1
2017,6,TESLA,292
2017,6,VW,16
2017,7,BMW,27
2017,7,CITROEN,4
2017,7,FORD-CNG-TECHNIK,1
2017,7,HYUNDAI,6
2017,7,KIA,8
2017,7,MERCEDES-BENZ,10
2017,7,MITSUBISHI,3
2017,7,NISSAN,7
2017,7,PEUGEOT,1
2017,7,RENAULT,80
2017,7,TESLA,98
2017,7,VW,9
2017,8,BMW,18
2017,8,CITROEN,8
2017,8,FORD-CNG-TECHNIK,1
2017,8,HYUNDAI,8
2017,8,KIA,11
2017,8,MERCEDES-BENZ,14
2017,8,MITSUBISHI,8
2017,8,NISSAN,22
2017,8,OPEL,44
2017,8,RENAULT,106
2017,8,SMART,1
2017,8,STIMBO,1
2017,8,TESLA,61
2017,8,VW,21
2017,9,BMW,49
2017,9,CITROEN,3
2017,9,HYUNDAI,21
2017,9,KIA,9
2017,9,MERCEDES-BENZ,11
2017,9,NISSAN,14
2017,9,OPEL,33
2017,9,RENAULT,44
2017,9,TESLA,338
2017,9,VW,28
2017,10,BMW,30
2017,10,CITROEN,6
2017,10,HYUNDAI,21
2017,10,KIA,8
2017,10,MERCEDES-BENZ,6
2017,10,MITSUBISHI,1
2017,10,NISSAN,11
2017,10,OPEL,57
2017,10,PEUGEOT,1
2017,10,RENAULT,67
2017,10,TESLA,136
2017,10,VW,12
2017,11,BMW,319
2017,11,CITROEN,5
2017,11,HYUNDAI,56
2017,11,JUMBOLINO,2
2017,11,KIA,6
2017,11,MERCEDES-BENZ,2
2017,11,NISSAN,10
2017,11,OPEL,131
2017,11,PEUGEOT,1
2017,11,RENAULT,39
2017,11,TESLA,107
2017,11,VW,32
2017,12,BMW,22
2017,12,CITROEN,2
2017,12,HYUNDAI,43
2017,12,JUMBOLINO,3
2017,12,KIA,3
2017,12,MERCEDES-BENZ,5
2017,12,NISSAN,6
2017,12,OPEL,124
2017,12,PEUGEOT,2
2017,12,RENAULT,63
2017,12,SMART,2
2017,12,STIMBO,1
2017,12,TESLA,237
2017,12,VW,28
2018,1,BMW,52
2018,1,CITROEN,3
2018,1,HYUNDAI,21
2018,1,KIA,3
2018,1,MERCEDES-BENZ,2
2018,1,MITSUBISHI,4
2018,1,NISSAN,2
2018,1,OPEL,86
2018,1,PEUGEOT,2
2018,1,RENAULT,45
2018,1,TESLA,15
2018,1,VW,11
2018,2,BMW,216
2018,2,CITROEN,3
2018,2,FORD-CNG-TECHNIK,15
2018,2,HYUNDAI,28
2018,2,MERCEDES-BENZ,2
2018,2,MITSUBISHI,3
2018,2,OPEL,24
2018,2,PEUGEOT,4
2018,2,RENAULT,64
2018,2,TESLA,38
2018,2,VW,3
2018,3,BMW,38
2018,3,CITROEN,1
2018,3,FORD-CNG-TECHNIK,8
2018,3,HYUNDAI,24
2018,3,KIA,4
2018,3,MERCEDES-BENZ,1
2018,3,MITSUBISHI,8
2018,3,NISSAN,59
2018,3,OPEL,18
2018,3,PEUGEOT,3
2018,3,RENAULT,85
2018,3,TESLA,331
2018,3,VW,92
2018,4,BMW,50
2018,4,CITROEN,5
2018,4,FORD-CNG-TECHNIK,1
2018,4,HYUNDAI,12
2018,4,KIA,12
2018,4,MERCEDES-BENZ,2
2018,4,MITSUBISHI,11
2018,4,NISSAN,29
2018,4,OPEL,8
2018,4,PEUGEOT,1
2018,4,RENAULT,80
2018,4,SMART,1
2018,4,TESLA,57
2018,4,VW,8
2018,5,BMW,34
2018,5,CITROEN,2
2018,5,FORD-CNG-TECHNIK,1
2018,5,HYUNDAI,3
2018,5,JUMBOLINO,1
2018,5,KIA,3
2018,5,MITSUBISHI,10
2018,5,NISSAN,21
2018,5,OPEL,17
2018,5,PEUGEOT,2
2018,5,RENAULT,54
2018,5,SMART,28
2018,5,TESLA,66
2018,5,VW,6
2018,6,BMW,70
2018,6,CITROEN,2
2018,6,FORD-CNG-TECHNIK,28
2018,6,HYUNDAI,10
2018,6,KIA,7
2018,6,MITSUBISHI,7
2018,6,NISSAN,29
2018,6,OPEL,9
2018,6,PEUGEOT,1
2018,6,RENAULT,70
2018,6,SMART,18
2018,6,TESLA,285
2018,6,VW,31
2018,7,BMW,38
2018,7,CITROEN,5
2018,7,FORD-CNG-TECHNIK,3
2018,7,HYUNDAI,8
2018,7,JAGUAR,21
2018,7,KIA,1
2018,7,MITSUBISHI,6
2018,7,NISSAN,24
2018,7,OPEL,12
2018,7,PEUGEOT,3
2018,7,RENAULT,46
2018,7,SMART,25
2018,7,TESLA,27
2018,7,VW,7
2018,8,BMW,26
2018,8,HYUNDAI,17
2018,8,JAGUAR,3
2018,8,KIA,1
2018,8,MITSUBISHI,4
2018,8,NISSAN,64
2018,8,OPEL,12
2018,8,PEUGEOT,1
2018,8,RENAULT,81
2018,8,SMART,22
2018,8,TESLA,72
2018,8,VW,9
2018,9,BMW,48
2018,9,CITROEN,2
2018,9,FIAT,1
2018,9,HYUNDAI,53
2018,9,JAGUAR,1
2018,9,KIA,7
2018,9,MERCEDES-BENZ,1
2018,9,MITSUBISHI,6
2018,9,NISSAN,66
2018,9,OPEL,7
2018,9,PEUGEOT,3
2018,9,RENAULT,38
2018,9,SMART,20
2018,9,TESLA,277
2018,9,VW,5
2018,10,BMW,67
2018,10,CITROEN,1
2018,10,HYUNDAI,57
2018,10,JAGUAR,16
2018,10,KIA,6
2018,10,MITSUBISHI,4
2018,10,NISSAN,61
2018,10,OPEL,5
2018,10,PEUGEOT,5
2018,10,RENAULT,87
2018,10,SMART,37
2018,10,TESLA,31
2018,10,VW,31
2018,11,BMW,57
2018,11,CITROEN,5
2018,11,HYUNDAI,80
2018,11,JAGUAR,20
2018,11,JUMBOLINO,2
2018,11,KIA,3
2018,11,MITSUBISHI,9
2018,11,NISSAN,53
2018,11,OPEL,9
2018,11,RENAULT,126
2018,11,SMART,28
2018,11,TESLA,69
2018,11,VW,13
2018,12,BMW,69
2018,12,CITROEN,4
2018,12,HYUNDAI,99
2018,12,JAGUAR,2
2018,12,KIA,12
2018,12,MITSUBISHI,32
2018,12,NISSAN,67
2018,12,OPEL,6
2018,12,PEUGEOT,47
2018,12,RENAULT,136
2018,12,SMART,23
2018,12,STIMBO,1
2018,12,TESLA,196
2018,12,UEBRIGE (SIEHE TYP),1
2018,12,VW,54
2019,1,BMW,57
2019,1,CITROEN,2
2019,1,HYUNDAI,63
2019,1,JAGUAR,14
2019,1,KIA,3
2019,1,MITSUBISHI,3
2019,1,NISSAN,73
2019,1,OPEL,6
2019,1,PEUGEOT,8
2019,1,RENAULT,123
2019,1,SMART,27
2019,1,TESLA,38
2019,1,VW,19
2019,2,BMW,78
2019,2,CITROEN,4
2019,2,HYUNDAI,82
2019,2,JAGUAR,40
2019,2,KIA,5
2019,2,MITSUBISHI,6
2019,2,NISSAN,63
2019,2,OPEL,1
2019,2,RENAULT,92
2019,2,SMART,21
2019,2,TESLA,328
2019,2,VW,30
2019,3,AUDI,94
2019,3,BMW,79
2019,3,CITROEN,2
2019,3,HYUNDAI,93
2019,3,JAGUAR,70
2019,3,KIA,10
2019,3,MITSUBISHI,5
2019,3,NISSAN,49
2019,3,OPEL,4
2019,3,RENAULT,150
2019,3,SMART,22
2019,3,TESLA,1306
2019,3,VW,34
2019,4,AUDI,33
2019,4,BMW,81
2019,4,CITROEN,2
2019,4,HYUNDAI,111
2019,4,JAGUAR,68
2019,4,KIA,2
2019,4,MITSUBISHI,12
2019,4,NISSAN,46
2019,4,OPEL,3
2019,4,PEUGEOT,1
2019,4,RENAULT,164
2019,4,SMART,24
2019,4,TESLA,466
2019,4,VW,37
2019,5,AUDI,50
2019,5,BMW,90
2019,5,CITROEN,5
2019,5,HYUNDAI,66
2019,5,JAGUAR,57
2019,5,KIA,2
2019,5,MITSUBISHI,5
2019,5,NISSAN,21
2019,5,OPEL,2
2019,5,PEUGEOT,2
2019,5,RENAULT,119
2019,5,SMART,31
2019,5,TESLA,202
2019,5,VW,34
2019,6,AUDI,55
2019,6,BMW,62
2019,6,CITROEN,3
2019,6,HYUNDAI,45
2019,6,JAGUAR,42
2019,6,KIA,19
2019,6,MERCEDES-BENZ,6
2019,6,MITSUBISHI,10
2019,6,NISSAN,32
2019,6,OPEL,6
2019,6,PEUGEOT,1
2019,6,RENAULT,129
2019,6,SMART,24
2019,6,TESLA,689
2019,6,UEBRIGE (SIEHE TYP),2
2019,6,VW,27
2019,7,AUDI,77
2019,7,BMW,82
2019,7,CITROEN,1
2019,7,HYUNDAI,83
2019,7,JAGUAR,28
2019,7,KIA,4
2019,7,MERCEDES-BENZ,26
2019,7,MITSUBISHI,6
2019,7,NISSAN,42
2019,7,OPEL,5
2019,7,PEUGEOT,2
2019,7,RENAULT,94
2019,7,SMART,19
2019,7,TESLA,195
2019,7,VW,22
2019,8,AUDI,38
2019,8,BMW,81
2019,8,CITROEN,3
2019,8,FIAT,3
2019,8,HYUNDAI,99
2019,8,JAGUAR,27
2019,8,KIA,7
2019,8,MERCEDES-BENZ,19
2019,8,MITSUBISHI,1
2019,8,NISSAN,49
2019,8,OPEL,4
2019,8,RENAULT,81
2019,8,SMART,18
2019,8,TESLA,191
2019,8,VW,5
2019,9,AUDI,29
2019,9,BMW,158
2019,9,FIAT,1
2019,9,HYUNDAI,126
2019,9,JAGUAR,20
2019,9,KIA,8
2019,9,MERCEDES-BENZ,18
2019,9,MITSUBISHI,9
2019,9,NISSAN,68
2019,9,OPEL,41
2019,9,PEUGEOT,1
2019,9,RENAULT,196
2019,9,SMART,30
2019,9,TESLA,869
2019,9,UEBRIGE (SIEHE TYP),1
2019,9,VW,7
2019,10,AUDI,26
2019,10,BMW,101
2019,10,CITROEN,2
2019,10,HYUNDAI,58
2019,10,JAC,2
2019,10,JAGUAR,16
2019,10,KIA,1
2019,10,MERCEDES-BENZ,18
2019,10,MITSUBISHI,12
2019,10,NISSAN,47
2019,10,OPEL,17
2019,10,PEUGEOT,1
2019,10,RENAULT,137
2019,10,SMART,45
2019,10,TAZZARI,1
2019,10,TESLA,156
2019,10,UEBRIGE (SIEHE TYP),1
2019,10,VW,25
2019,11,AUDI,35
2019,11,BMW,88
2019,11,CITROEN,1
2019,11,FIAT,3
2019,11,HYUNDAI,42
2019,11,JAC,1
2019,11,JAGUAR,12
2019,11,JUMBOLINO,1
2019,11,KIA,2
2019,11,MERCEDES-BENZ,15
2019,11,MITSUBISHI,3
2019,11,NISSAN,65
2019,11,PEUGEOT,1
2019,11,RENAULT,134
2019,11,SMART,37
2019,11,TESLA,302
2019,11,VW,45
2019,12,AUDI,249
2019,12,BMW,116
2019,12,CAN-AM,1
2019,12,CHEVROLET,4
2019,12,CITROEN,1
2019,12,FIAT,10
2019,12,HYUNDAI,157
2019,12,JAC,1
2019,12,JAGUAR,50
2019,12,JUMBOLINO,2
2019,12,KIA,3
2019,12,KLINGLER,1
2019,12,MERCEDES-BENZ,53
2019,12,MITSUBISHI,14
2019,12,NISSAN,72
2019,12,OPEL,12
2019,12,PEUGEOT,1
2019,12,RENAULT,386
2019,12,SMART,35
2019,12,STIMBO,1
2019,12,TESLA,1323
2019,12,VW,350
2020,1,AUDI,13
2020,1,BMW,89
2020,1,DS,1
2020,1,HYUNDAI,65
2020,1,JAC,2
2020,1,JAGUAR,12
2020,1,KIA,8
2020,1,KLINGLER,1
2020,1,MERCEDES-BENZ,35
2020,1,MITSUBISHI,1
2020,1,NISSAN,56
2020,1,PEUGEOT,1
2020,1,PORSCHE,2
2020,1,RENAULT,217
2020,1,SEAT,5
2020,1,SKODA,46
2020,1,SMART,30
2020,1,TESLA,204
2020,1,UEBRIGE (SIEHE TYP),1
2020,1,VW,3
2020,2,AUDI,27
2020,2,BMW,56
2020,2,CITROEN,5
2020,2,DS,12
2020,2,HYUNDAI,63
2020,2,JAC,3
2020,2,JAGUAR,27
2020,2,KIA,2
2020,2,MERCEDES-BENZ,44
2020,2,MINI,10
2020,2,MITSUBISHI,1
2020,2,NISSAN,48
2020,2,PORSCHE,21
2020,2,RENAULT,265
2020,2,SEAT,14
2020,2,SKODA,35
2020,2,SMART,24
2020,2,TESLA,108
2020,2,VW,19
2020,3,AUDI,36
2020,3,BMW,61
2020,3,CITROEN,1
2020,3,HONDA,2
2020,3,HYUNDAI,47
2020,3,JAGUAR,10
2020,3,KIA,16
2020,3,MAN,1
2020,3,MERCEDES-BENZ,75
2020,3,MINI,68
2020,3,MITSUBISHI,4
2020,3,NISSAN,48
2020,3,OPEL,6
2020,3,PEUGEOT,4
2020,3,PORSCHE,55
2020,3,RENAULT,199
2020,3,SEAT,27
2020,3,SKODA,33
2020,3,SMART,38
2020,3,STIMBO,1
2020,3,TESLA,832
2020,3,VW,29
2020,4,AUDI,7
2020,4,BMW,23
2020,4,CITROEN,2
2020,4,FIAT,1
2020,4,HYUNDAI,33
2020,4,JAC,5
2020,4,JAGUAR,2
2020,4,KIA,16
2020,4,MERCEDES-BENZ,31
2020,4,MINI,36
2020,4,NISSAN,29
2020,4,OPEL,17
2020,4,PEUGEOT,3
2020,4,PORSCHE,12
2020,4,RENAULT,83
2020,4,SEAT,12
2020,4,SKODA,19
2020,4,SMART,17
2020,4,STIMBO,1
2020,4,TESLA,131
2020,4,VW,20
2020,5,AUDI,19
2020,5,BMW,26
2020,5,CITROEN,2
2020,5,FIAT,3
2020,5,HYUNDAI,65
2020,5,JAC,3
2020,5,JAGUAR,5
2020,5,KIA,24
2020,5,MERCEDES-BENZ,40
2020,5,MINI,29
2020,5,MITSUBISHI,4
2020,5,NISSAN,20
2020,5,OPEL,23
2020,5,PEUGEOT,7
2020,5,PORSCHE,32
2020,5,RENAULT,114
2020,5,SEAT,14
2020,5,SKODA,19
2020,5,SMART,33
2020,5,STIMBO,1
2020,5,TESLA,174
2020,5,VW,31
2020,6,AUDI,48
2020,6,BMW,72
2020,6,CITROEN,2
2020,6,FIAT,1
2020,6,HYUNDAI,74
2020,6,JAC,5
2020,6,JAGUAR,14
2020,6,KIA,19
2020,6,MERCEDES-BENZ,35
2020,6,MINI,28
2020,6,MITSUBISHI,4
2020,6,NISSAN,41
2020,6,OPEL,26
2020,6,PEUGEOT,18
2020,6,PORSCHE,54
2020,6,RENAULT,291
2020,6,SEAT,6
2020,6,SKODA,34
2020,6,SMART,44
2020,6,TESLA,495
2020,6,VW,55
2020,7,AUDI,116
2020,7,BMW,54
2020,7,CLUB CAR,1
2020,7,FIAT,5
2020,7,HONDA,30
2020,7,HYUNDAI,77
2020,7,JAC,12
2020,7,JAGUAR,7
2020,7,KIA,25
2020,7,MERCEDES-BENZ,44
2020,7,MINI,48
2020,7,MITSUBISHI,7
2020,7,NISSAN,49
2020,7,OPEL,9
2020,7,PEUGEOT,37
2020,7,PORSCHE,61
2020,7,RENAULT,226
2020,7,SEAT,2
2020,7,SKODA,50
2020,7,SMART,44
2020,7,TESLA,37
2020,7,UEBRIGE (SIEHE TYP),2
2020,7,VW,38
2020,8,AUDI,83
2020,8,BMW,31
2020,8,CITROEN,3
2020,8,HONDA,31
2020,8,HYUNDAI,151
2020,8,JAC,9
2020,8,JAGUAR,20
2020,8,KIA,24
2020,8,MAZDA,13
2020,8,MERCEDES-BENZ,30
2020,8,MINI,74
2020,8,MITSUBISHI,3
2020,8,NISSAN,29
2020,8,OPEL,16
2020,8,PEUGEOT,112
2020,8,POLESTAR,5
2020,8,PORSCHE,37
2020,8,RENAULT,224
2020,8,SEAT,12
2020,8,SKODA,54
2020,8,SMART,37
2020,8,TESLA,590
2020,8,UEBRIGE (SIEHE TYP),1
2020,8,VW,36
2020,9,AUDI,78
2020,9,BMW,90
2020,9,CITROEN,2
2020,9,DS,2
2020,9,FIAT,7
2020,9,HONDA,30
2020,9,HYUNDAI,117
2020,9,JAC,10
2020,9,JAGUAR,71
2020,9,KIA,79
2020,9,MAN,1
2020,9,MAZDA,70
2020,9,MERCEDES-BENZ,53
2020,9,MINI,41
2020,9,MITSUBISHI,5
2020,9,NISSAN,46
2020,9,OPEL,61
2020,9,PEUGEOT,86
2020,9,POLESTAR,2
2020,9,PORSCHE,68
2020,9,RENAULT,305
2020,9,SEAT,56
2020,9,SKODA,79
2020,9,SMART,31
2020,9,TESLA,1145
2020,9,VW,330
2020,10,AUDI,92
2020,10,BMW,42
2020,10,CITROEN,2
2020,10,DS,11
2020,10,HONDA,38
2020,10,HYUNDAI,132
2020,10,JAC,6
2020,10,JAGUAR,12
2020,10,KIA,35
2020,10,MAZDA,82
2020,10,MERCEDES-BENZ,73
2020,10,MINI,79
2020,10,MITSUBISHI,1
2020,10,NISSAN,61
2020,10,OPEL,53
2020,10,PEUGEOT,57
2020,10,POLESTAR,10
2020,10,PORSCHE,54
2020,10,RENAULT,226
2020,10,SEAT,14
2020,10,SKODA,80
2020,10,SMART,26
2020,10,TESLA,101
2020,10,VW,206
2020,11,AIWAYS,2
2020,11,AUDI,163
2020,11,BMW,65
2020,11,CITROEN,3
2020,11,DS,13
2020,11,FIAT,123
2020,11,HONDA,21
2020,11,HYUNDAI,173
2020,11,JAC,5
2020,11,JAGUAR,77
2020,11,KIA,43
2020,11,MAXUS,1
2020,11,MAZDA,42
2020,11,MERCEDES-BENZ,85
2020,11,MINI,90
2020,11,MITSUBISHI,1
2020,11,NISSAN,28
2020,11,OPEL,48
2020,11,PEUGEOT,100
2020,11,POLESTAR,2
2020,11,PORSCHE,55
2020,11,RENAULT,307
2020,11,SEAT,7
2020,11,SKODA,88
2020,11,SMART,38
2020,11,STIMBO,1
2020,11,TESLA,421
2020,11,VW,191
2020,12,AIWAYS,4
2020,12,AUDI,224
2020,12,BMW,197
2020,12,CITROEN,5
2020,12,DS,2
2020,12,FIAT,235
2020,12,HONDA,18
2020,12,HYUNDAI,175
2020,12,JAC,34
2020,12,JAGUAR,101
2020,12,JUMBOLINO,1
2020,12,KIA,55
2020,12,MAZDA,126
2020,12,MERCEDES-BENZ,68
2020,12,MINI,152
2020,12,NISSAN,162
2020,12,OPEL,26
2020,12,PEUGEOT,45
2020,12,POLESTAR,13
2020,12,PORSCHE,71
2020,12,RENAULT,505
2020,12,SKODA,87
2020,12,SMART,30
2020,12,TESLA,1812
2020,12,UEBRIGE (SIEHE TYP),1
2020,12,VOLVO,93
2020,12,VW,400
2021,1,AUDI,75
2021,1,BMW,29
2021,1,CITROEN,9
2021,1,DS,8
2021,1,FIAT,69
2021,1,HONDA,11
2021,1,HYUNDAI,50
2021,1,JAGUAR,12
2021,1,KIA,34
2021,1,LEXUS,5
2021,1,MAZDA,5
2021,1,MERCEDES-BENZ,24
2021,1,MINI,14
2021,1,MITSUBISHI,1
2021,1,NISSAN,7
2021,1,OPEL,33
2021,1,PEUGEOT,79
2021,1,POLESTAR,45
2021,1,PORSCHE,44
2021,1,RENAULT,155
2021,1,SEAT,12
2021,1,SKODA,31
2021,1,SMART,23
2021,1,TESLA,63
2021,1,VOLVO,83
2021,1,VW,129
2021,2,AIWAYS,3
2021,2,AUDI,64
2021,2,BMW,45
2021,2,CITROEN,53
2021,2,DS,3
2021,2,FIAT,91
2021,2,FORD,3
2021,2,HONDA,8
2021,2,HYUNDAI,49
2021,2,JAGUAR,16
2021,2,KIA,30
2021,2,LEXUS,6
2021,2,MAZDA,6
2021,2,MERCEDES-BENZ,36
2021,2,MINI,15
2021,2,NISSAN,18
2021,2,OPEL,35
2021,2,PEUGEOT,66
2021,2,POLESTAR,97
2021,2,PORSCHE,25
2021,2,RENAULT,208
2021,2,SEAT,31
2021,2,SKODA,29
2021,2,SMART,20
2021,2,TESLA,173
2021,2,VOLVO,62
2021,2,VW,205
2021,3,AIWAYS,9
2021,3,AUDI,120
2021,3,BMW,71
2021,3,CITROEN,16
2021,3,DS,2
2021,3,FIAT,138
2021,3,HONDA,24
2021,3,HYUNDAI,101
2021,3,JAGUAR,19
2021,3,KIA,43
2021,3,LEXUS,5
2021,3,MAZDA,3
2021,3,MERCEDES-BENZ,92
2021,3,MINI,30
2021,3,MITSUBISHI,1
2021,3,NISSAN,66
2021,3,OPEL,75
2021,3,PEUGEOT,88
2021,3,POLESTAR,84
2021,3,PORSCHE,54
2021,3,RENAULT,208
2021,3,SEAT,34
2021,3,SKODA,24
2021,3,SMART,33
2021,3,TESLA,530
2021,3,VOLVO,67
2021,3,VW,387
2021,4,AIWAYS,1
2021,4,AUDI,95
2021,4,BMW,93
2021,4,CITROEN,12
2021,4,CLUB CAR,1
2021,4,DFSK,1
2021,4,DS,3
2021,4,FIAT,131
2021,4,HONDA,17
2021,4,HYUNDAI,82
2021,4,JAGUAR,13
2021,4,KIA,31
2021,4,LEXUS,4
2021,4,MAZDA,5
2021,4,MERCEDES-BENZ,154
2021,4,MINI,49
2021,4,MITSUBISHI,2
2021,4,NISSAN,33
2021,4,OPEL,112
2021,4,PEUGEOT,59
2021,4,POLESTAR,72
2021,4,PORSCHE,34
2021,4,RENAULT,181
2021,4,SEAT,23
2021,4,SKODA,83
2021,4,SMART,31
2021,4,TESLA,69
2021,4,UEBRIGE (SIEHE TYP),1
2021,4,VOLVO,65
2021,4,VW,512
2021,5,AUDI,177
2021,5,BMW,65
2021,5,CITROEN,22
2021,5,DACIA,2
2021,5,DS,4
2021,5,FIAT,137
2021,5,FORD,72
2021,5,HONDA,16
2021,5,HYUNDAI,86
2021,5,JAGUAR,13
2021,5,KIA,47
2021,5,MAZDA,9
2021,5,MERCEDES-BENZ,95
2021,5,MINI,31
2021,5,NISSAN,20
2021,5,OPEL,63
2021,5,PEUGEOT,61
2021,5,POLESTAR,49
2021,5,PORSCHE,35
2021,5,RENAULT,158
2021,5,SEAT,16
2021,5,SKODA,131
2021,5,SMART,40
2021,5,TESLA,143
2021,5,VOLVO,75
2021,5,VW,355
2021,6,AIWAYS,1
2021,6,AUDI,206
2021,6,BMW,187
2021,6,CITROEN,20
2021,6,DACIA,47
2021,6,DS,2
2021,6,FIAT,154
2021,6,FORD,82
2021,6,HONDA,21
2021,6,HYUNDAI,104
2021,6,JAGUAR,17
2021,6,KIA,43
2021,6,LEXUS,2
2021,6,MAZDA,1
2021,6,MERCEDES-BENZ,112
2021,6,MINI,36
2021,6,MITSUBISHI,1
2021,6,NISSAN,32
2021,6,OPEL,68
2021,6,PEUGEOT,82
2021,6,POLESTAR,96
2021,6,PORSCHE,28
2021,6,RENAULT,193
2021,6,SEAT,21
2021,6,SKODA,175
2021,6,SMART,31
2021,6,TESLA,1298
2021,6,VOLVO,101
2021,6,VW,530
2021,7,AIWAYS,13
2021,7,AUDI,150
2021,7,BMW,74
2021,7,CITROEN,12
2021,7,DACIA,8
2021,7,DS,5
2021,7,FIAT,131
2021,7,FORD,80
2021,7,HONDA,12
2021,7,HYUNDAI,139
2021,7,JAGUAR,18
2021,7,KIA,26
2021,7,LEXUS,3
2021,7,MAZDA,11
2021,7,MERCEDES-BENZ,147
2021,7,MINI,44
2021,7,MITSUBISHI,1
2021,7,NISSAN,39
2021,7,OPEL,36
2021,7,PEUGEOT,127
2021,7,POLESTAR,48
2021,7,PORSCHE,45
2021,7,RENAULT,128
2021,7,SEAT,31
2021,7,SKODA,146
2021,7,SMART,16
2021,7,STIMBO,1
2021,7,TESLA,16
2021,7,VOLVO,102
2021,7,VW,223
2021,8,AIWAYS,3
2021,8,AUDI,193
2021,8,BMW,93
2021,8,CITROEN,33
2021,8,DACIA,4
2021,8,DS,2
2021,8,FIAT,99
2021,8,FORD,55
2021,8,HONDA,13
2021,8,HYUNDAI,155
2021,8,JAGUAR,22
2021,8,KIA,30
2021,8,LEXUS,1
2021,8,MAZDA,17
2021,8,MERCEDES-BENZ,181
2021,8,MINI,48
2021,8,MITSUBISHI,1
2021,8,NISSAN,28
2021,8,OPEL,47
2021,8,PEUGEOT,59
2021,8,POLESTAR,38
2021,8,PORSCHE,31
2021,8,RENAULT,132
2021,8,SEAT,21
2021,8,SKODA,171
2021,8,SMART,29
2021,8,TESLA,285
2021,8,VOLVO,42
2021,8,VW,412
2021,9,AIWAYS,6
2021,9,AUDI,242
2021,9,BMW,97
2021,9,CITROEN,20
2021,9,DACIA,1
2021,9,DS,6
2021,9,FIAT,167
2021,9,FORD,38
2021,9,HONDA,14
2021,9,HYUNDAI,230
2021,9,JAC,17
2021,9,JAGUAR,26
2021,9,KIA,56
2021,9,LEXUS,2
2021,9,MAZDA,10
2021,9,MERCEDES-BENZ,120
2021,9,MINI,32
2021,9,NISSAN,29
2021,9,OPEL,66
2021,9,PEUGEOT,105
2021,9,POLESTAR,47
2021,9,PORSCHE,45
2021,9,RENAULT,148
2021,9,SEAT,14
2021,9,SKODA,311
2021,9,SMART,42
2021,9,TESLA,1639
2021,9,VOLVO,45
2021,9,VW,460
2021,10,AUDI,163
2021,10,BMW,85
2021,10,CITROEN,24
2021,10,CUPRA,6
2021,10,DACIA,37
2021,10,DS,10
2021,10,FIAT,115
2021,10,FORD,15
2021,10,HONDA,14
2021,10,HYUNDAI,244
2021,10,JAC,3
2021,10,JAGUAR,17
2021,10,JUMBOLINO,1
2021,10,KIA,41
2021,10,LEXUS,2
2021,10,MAZDA,3
2021,10,MERCEDES-BENZ,159
2021,10,MINI,78
2021,10,NISSAN,38
2021,10,OPEL,45
2021,10,PEUGEOT,54
2021,10,POLESTAR,73
2021,10,PORSCHE,50
2021,10,RENAULT,135
2021,10,SEAT,18
2021,10,SKODA,314
2021,10,SMART,51
2021,10,TESLA,46
2021,10,VOLVO,93
2021,10,VW,249
2021,11,AIWAYS,2
2021,11,AUDI,283
2021,11,BMW,190
2021,11,CITROEN,54
2021,11,CUPRA,73
2021,11,DACIA,56
2021,11,DS,6
2021,11,FIAT,130
2021,11,FORD,48
2021,11,HONDA,15
2021,11,HYUNDAI,203
2021,11,JAC,14
2021,11,JAGUAR,14
2021,11,KIA,57
2021,11,LEXUS,2
2021,11,MAZDA,5
2021,11,MERCEDES-BENZ,206
2021,11,MINI,101
2021,11,NISSAN,44
2021,11,OPEL,34
2021,11,PEUGEOT,72
2021,11,POLESTAR,86
2021,11,PORSCHE,74
2021,11,RENAULT,179
2021,11,SEAT,22
2021,11,SKODA,357
2021,11,SMART,36
2021,11,TESLA,827
2021,11,TOYOTA,5
2021,11,VOLVO,119
2021,11,VW,275
2021,12,AUDI,491
2021,12,BMW,277
2021,12,CITROEN,30
2021,12,CUPRA,239
2021,12,DACIA,96
2021,12,DS,4
2021,12,FIAT,112
2021,12,FORD,43
2021,12,HONDA,16
2021,12,HYUNDAI,258
2021,12,JAC,47
2021,12,JAGUAR,13
2021,12,JUMBOLINO,2
2021,12,KIA,90
2021,12,LEXUS,4
2021,12,MAZDA,1
2021,12,MERCEDES-BENZ,168
2021,12,MINI,77
2021,12,MITSUBISHI,1
2021,12,NISSAN,79
2021,12,OPEL,54
2021,12,PEUGEOT,51
2021,12,POLESTAR,117
2021,12,PORSCHE,74
2021,12,RENAULT,161
2021,12,SEAT,66
2021,12,SKODA,613
2021,12,SMART,46
2021,12,TESLA,1406
2021,12,TOYOTA,3
2021,12,VOLVO,188
2021,12,VW,771
2022,1,AIWAYS,1
2022,1,AUDI,370
2022,1,BMW,101
2022,1,CITROEN,23
2022,1,CUPRA,95
2022,1,DACIA,30
2022,1,DS,3
2022,1,FIAT,78
2022,1,FORD,29
2022,1,HONDA,7
2022,1,HYUNDAI,204
2022,1,JAC,9
2022,1,JAGUAR,11
2022,1,KIA,59
2022,1,LEXUS,1
2022,1,MAN,1
2022,1,MAZDA,1
2022,1,MERCEDES-BENZ,94
2022,1,MG,3
2022,1,MINI,39
2022,1,NISSAN,23
2022,1,OPEL,56
2022,1,PEUGEOT,143
2022,1,POLESTAR,46
2022,1,PORSCHE,90
2022,1,RENAULT,111
2022,1,SEAT,1
2022,1,SKODA,231
2022,1,SMART,15
2022,1,TESLA,18
2022,1,TOYOTA,6
2022,1,UEBRIGE (SIEHE TYP),1
2022,1,VOLVO,128
2022,1,VW,124
2022,2,AIWAYS,3
2022,2,AUDI,243
2022,2,BMW,136
2022,2,CITROEN,75
2022,2,CUPRA,33
2022,2,DACIA,34
2022,2,DS,16
2022,2,FIAT,89
2022,2,FORD,43
2022,2,HONDA,12
2022,2,HYUNDAI,248
2022,2,JAC,10
2022,2,JAGUAR,8
2022,2,KIA,49
2022,2,LEXUS,6
2022,2,MAZDA,1
2022,2,MERCEDES-BENZ,176
2022,2,MINI,46
2022,2,NISSAN,2
2022,2,OPEL,57
2022,2,PEUGEOT,129
2022,2,POLESTAR,65
2022,2,PORSCHE,60
2022,2,RENAULT,96
2022,2,SEAT,1
2022,2,SKODA,166
2022,2,SMART,17
2022,2,SSANGYONG,1
2022,2,TESLA,375
2022,2,TOYOTA,5
2022,2,VOLVO,115
2022,2,VW,138
2022,3,AIWAYS,6
2022,3,AUDI,234
2022,3,BMW,280
2022,3,CITROEN,39
2022,3,CUPRA,36
2022,3,DACIA,84
2022,3,DS,6
2022,3,FIAT,196
2022,3,FORD,65
2022,3,GENESIS,1
2022,3,HONDA,33
2022,3,HYUNDAI,264
2022,3,JAC,11
2022,3,JAGUAR,10
2022,3,KIA,101
2022,3,LEXUS,5
2022,3,MAZDA,2
2022,3,MERCEDES-BENZ,125
2022,3,MINI,58
2022,3,NISSAN,12
2022,3,OPEL,94
2022,3,PEUGEOT,183
2022,3,POLESTAR,68
2022,3,PORSCHE,65
2022,3,RENAULT,125
2022,3,SKODA,114
2022,3,SMART,29
2022,3,SSANGYONG,1
2022,3,TESLA,1573
2022,3,TOYOTA,9
2022,3,VOLVO,162
2022,3,VW,261
2022,4,AIWAYS,3
2022,4,AUDI,167
2022,4,BMW,181
2022,4,CITROEN,34
2022,4,CUPRA,45
2022,4,DACIA,61
2022,4,DS,1
2022,4,FIAT,168
2022,4,FORD,57
2022,4,HONDA,15
2022,4,HYUNDAI,178
2022,4,JAC,1
2022,4,JAGUAR,6
2022,4,KIA,122
2022,4,LEXUS,5
2022,4,MAZDA,2
2022,4,MERCEDES-BENZ,137
2022,4,MINI,43
2022,4,NISSAN,18
2022,4,OPEL,51
2022,4,PEUGEOT,76
2022,4,POLESTAR,89
2022,4,PORSCHE,38
2022,4,RENAULT,107
2022,4,SKODA,89
2022,4,SMART,18
2022,4,TESLA,61
2022,4,TOYOTA,6
2022,4,VOLVO,146
2022,4,VW,185
2022,5,AIWAYS,4
2022,5,AUDI,272
2022,5,BMW,213
2022,5,CITROEN,30
2022,5,CUPRA,183
2022,5,DACIA,32
2022,5,DS,1
2022,5,FIAT,126
2022,5,FORD,41
2022,5,GENESIS,9
2022,5,HONDA,10
2022,5,HYUNDAI,162
2022,5,JAGUAR,11
2022,5,KIA,103
2022,5,KLINGLER,1
2022,5,LEXUS,4
2022,5,MAZDA,1
2022,5,MERCEDES-BENZ,138
2022,5,MINI,50
2022,5,NISSAN,17
2022,5,OPEL,62
2022,5,PEUGEOT,101
2022,5,POLESTAR,91
2022,5,PORSCHE,54
2022,5,RENAULT,58
2022,5,SEAT,1
2022,5,SKODA,125
2022,5,SMART,29
2022,5,SSANGYONG,13
2022,5,TESLA,251
2022,5,TOYOTA,5
2022,5,VOLVO,115
2022,5,VW,310
2022,6,AIWAYS,4
2022,6,AUDI,268
2022,6,BMW,213
2022,6,CITROEN,47
2022,6,CUPRA,196
2022,6,DACIA,48
2022,6,DS,1
2022,6,FIAT,129
2022,6,FORD,51
2022,6,GENESIS,27
2022,6,HONDA,21
2022,6,HYUNDAI,126
2022,6,JAGUAR,7
2022,6,KIA,73
2022,6,MERCEDES-BENZ,133
2022,6,MINI,31
2022,6,NISSAN,19
2022,6,OPEL,61
2022,6,PEUGEOT,58
2022,6,POLESTAR,43
2022,6,PORSCHE,52
2022,6,RENAULT,208
2022,6,SEAT,1
2022,6,SKODA,244
2022,6,SMART,27
2022,6,SSANGYONG,2
2022,6,SUBARU,8
2022,6,TESLA,1958
2022,6,TOYOTA,12
2022,6,UEBRIGE (SIEHE TYP),1
2022,6,VOLVO,51
2022,6,VW,340
2022,7,AIWAYS,5
2022,7,AUDI,183
2022,7,BMW,85
2022,7,CITROEN,52
2022,7,CUPRA,136
2022,7,DACIA,29
2022,7,DS,5
2022,7,FIAT,131
2022,7,FORD,142
2022,7,GENESIS,8
2022,7,HONDA,8
2022,7,HYUNDAI,106
2022,7,JAGUAR,9
2022,7,JUMBOLINO,1
2022,7,KIA,45
2022,7,LEXUS,1
2022,7,MAN,1
2022,7,MERCEDES-BENZ,160
2022,7,MINI,29
2022,7,NISSAN,21
2022,7,OPEL,56
2022,7,PEUGEOT,32
2022,7,POLESTAR,47
2022,7,PORSCHE,27
2022,7,RENAULT,119
2022,7,SEAT,1
2022,7,SKODA,222
2022,7,SMART,28
2022,7,SSANGYONG,3
2022,7,TESLA,75
2022,7,TOYOTA,7
2022,7,VOLVO,34
2022,7,VW,183
2022,8,AIWAYS,7
2022,8,AUDI,180
2022,8,BMW,212
2022,8,CITROEN,15
2022,8,CLUB CAR,2
2022,8,CUPRA,141
2022,8,DACIA,40
2022,8,DS,2
2022,8,FIAT,132
2022,8,FORD,64
2022,8,GENESIS,16
2022,8,HONDA,23
2022,8,HYUNDAI,69
2022,8,JAGUAR,9
2022,8,KIA,44
2022,8,LEXUS,2
2022,8,MAZDA,1
2022,8,MERCEDES-BENZ,157
2022,8,MINI,40
2022,8,NISSAN,9
2022,8,OPEL,28
2022,8,PEUGEOT,51
2022,8,POLESTAR,45
2022,8,PORSCHE,23
2022,8,RENAULT,160
2022,8,SKODA,271
2022,8,SMART,11
2022,8,SSANGYONG,1
2022,8,SUBARU,1
2022,8,TESLA,290
2022,8,TOYOTA,4
2022,8,VOLVO,16
2022,8,VW,227
2022,9,AIWAYS,7
2022,9,AUDI,236
2022,9,BMW,216
2022,9,CITROEN,25
2022,9,CUPRA,129
2022,9,DACIA,60
2022,9,DS,3
2022,9,FIAT,119
2022,9,FORD,56
2022,9,GENESIS,22
2022,9,HONDA,4
2022,9,HYUNDAI,59
2022,9,JAGUAR,7
2022,9,KIA,67
2022,9,LEXUS,1
2022,9,MAN,1
2022,9,MAZDA,1
2022,9,MERCEDES-BENZ,208
2022,9,MINI,31
2022,9,NISSAN,28
2022,9,OPEL,72
2022,9,PEUGEOT,45
2022,9,POLESTAR,56
2022,9,PORSCHE,9
2022,9,RENAULT,259
2022,9,SKODA,241
2022,9,SMART,13
2022,9,SSANGYONG,1
2022,9,SUBARU,16
2022,9,TESLA,1795
2022,9,TOYOTA,11
2022,9,VOLVO,108
2022,9,VW,314
2022,10,AC-COBRA,3
2022,10,AIWAYS,2
2022,10,AUDI,296
2022,10,BMW,139
2022,10,CITROEN,22
2022,10,CUPRA,158
2022,10,DACIA,26
2022,10,DS,1
2022,10,FIAT,73
2022,10,FORD,58
2022,10,GENESIS,28
2022,10,HONDA,4
2022,10,HYUNDAI,115
2022,10,JAGUAR,7
2022,10,KIA,30
2022,10,MAZDA,5
2022,10,MERCEDES-BENZ,223
2022,10,MINI,29
2022,10,NISSAN,30
2022,10,OPEL,41
2022,10,PEUGEOT,50
2022,10,POLESTAR,64
2022,10,PORSCHE,22
2022,10,RENAULT,193
2022,10,SKODA,255
2022,10,SMART,18
2022,10,SUBARU,16
2022,10,TESLA,32
2022,10,TOYOTA,42
2022,10,VOLVO,68
2022,10,VW,392
2022,11,AIWAYS,2
2022,11,AUDI,248
2022,11,BMW,188
2022,11,CITROEN,39
2022,11,CUPRA,131
2022,11,DACIA,56
2022,11,DS,1
2022,11,FIAT,127
2022,11,FORD,69
2022,11,GENESIS,50
2022,11,HONDA,12
2022,11,HYUNDAI,235
2022,11,JAC,7
2022,11,JAGUAR,4
2022,11,KIA,36
2022,11,LEXUS,1
2022,11,MAZDA,2
2022,11,MERCEDES-BENZ,235
2022,11,MINI,20
2022,11,NISSAN,29
2022,11,OPEL,80
2022,11,PEUGEOT,91
2022,11,POLESTAR,53
2022,11,PORSCHE,87
2022,11,RENAULT,251
2022,11,SKODA,525
2022,11,SMART,22
2022,11,SSANGYONG,2
2022,11,SUBARU,69
2022,11,TESLA,801
2022,11,TOYOTA,45
2022,11,VOLVO,124
2022,11,VW,713
2022,12,AIWAYS,7
2022,12,AUDI,511
2022,12,BMW,356
2022,12,CITROEN,14
2022,12,CUPRA,315
2022,12,DACIA,100
2022,12,DS,3
2022,12,FIAT,125
2022,12,FORD,56
2022,12,GENESIS,72
2022,12,HONDA,7
2022,12,HYUNDAI,188
2022,12,JAC,40
2022,12,JAGUAR,5
2022,12,JUMBOLINO,2
2022,12,KIA,63
2022,12,LEXUS,1
2022,12,MERCEDES-BENZ,413
2022,12,MINI,42
2022,12,NISSAN,22
2022,12,OPEL,81
2022,12,PEUGEOT,35
2022,12,POLESTAR,144
2022,12,PORSCHE,83
2022,12,RENAULT,467
2022,12,SKODA,784
2022,12,SMART,26
2022,12,SUBARU,20
2022,12,TESLA,1496
2022,12,TOYOTA,16
2022,12,VOLVO,133
2022,12,VW,1193
2023,1,AIWAYS,4
2023,1,AUDI,295
2023,1,BMW,122
2023,1,CITROEN,53
2023,1,CUPRA,140
2023,1,DACIA,34
2023,1,FIAT,51
2023,1,FORD,75
2023,1,GENESIS,37
2023,1,HONDA,4
2023,1,HYUNDAI,191
2023,1,JAC,9
2023,1,JAGUAR,2
2023,1,KIA,35
2023,1,MAZDA,3
2023,1,MERCEDES-BENZ,218
2023,1,MINI,14
2023,1,NISSAN,15
2023,1,OPEL,75
2023,1,PEUGEOT,104
2023,1,POLESTAR,51
2023,1,PORSCHE,76
2023,1,RENAULT,240
2023,1,SEAT,1
2023,1,SKODA,340
2023,1,SMART,15
2023,1,SSANGYONG,1
2023,1,SUBARU,14
2023,1,TESLA,117
2023,1,TOYOTA,64
2023,1,VOLVO,122
2023,1,VW,348
2023,2,AIWAYS,7
2023,2,AUDI,286
2023,2,BMW,120
2023,2,CITROEN,35
2023,2,CUPRA,112
2023,2,DACIA,38
2023,2,DS,7
2023,2,FIAT,137
2023,2,FORD,36
2023,2,GENESIS,23
2023,2,HONDA,6
2023,2,HYUNDAI,111
2023,2,JAC,13
2023,2,JAGUAR,1
2023,2,KIA,41
2023,2,LEXUS,1
2023,2,LUCID,1
2023,2,MAZDA,1
2023,2,MERCEDES-BENZ,164
2023,2,MG,1
2023,2,MINI,24
2023,2,NISSAN,17
2023,2,OPEL,49
2023,2,PEUGEOT,71
2023,2,POLESTAR,50
2023,2,PORSCHE,36
2023,2,RENAULT,105
2023,2,SKODA,204
2023,2,SMART,15
2023,2,SSANGYONG,1
2023,2,SUBARU,15
2023,2,TESLA,195
2023,2,TOYOTA,28
2023,2,VOLVO,329
2023,2,VW,326
2023,3,AIWAYS,5
2023,3,AUDI,330
2023,3,BMW,242
2023,3,CITROEN,64
2023,3,CUPRA,218
2023,3,DACIA,30
2023,3,DS,6
2023,3,FIAT,192
2023,3,FORD,83
2023,3,GENESIS,43
2023,3,HONDA,3
2023,3,HYUNDAI,285
2023,3,JAC,24
2023,3,JAGUAR,13
2023,3,KIA,76
2023,3,LEXUS,1
2023,3,LUCID,1
2023,3,MERCEDES-BENZ,269
2023,3,MINI,51
2023,3,NISSAN,27
2023,3,OPEL,71
2023,3,PEUGEOT,104
2023,3,POLESTAR,26
2023,3,PORSCHE,28
2023,3,RENAULT,189
2023,3,SKODA,253
2023,3,SMART,32
2023,3,SUBARU,18
2023,3,TESLA,1263
2023,3,TOYOTA,49
2023,3,VOLVO,334
2023,3,VW,511
2023,4,AIWAYS,4
2023,4,AUDI,369
2023,4,BMW,139
2023,4,CITROEN,5
2023,4,CUPRA,174
2023,4,DACIA,54
2023,4,DS,2
2023,4,FIAT,184
2023,4,FORD,59
2023,4,GENESIS,39
2023,4,HONDA,8
2023,4,HYUNDAI,159
2023,4,JAC,9
2023,4,JAGUAR,1
2023,4,KIA,87
2023,4,LEXUS,9
2023,4,MERCEDES-BENZ,235
2023,4,MINI,16
2023,4,NISSAN,10
2023,4,OPEL,38
2023,4,PEUGEOT,51
2023,4,POLESTAR,67
2023,4,PORSCHE,41
2023,4,RENAULT,148
2023,4,SKODA,349
2023,4,SMART,19
2023,4,STIMBO,1
2023,4,SUBARU,11
2023,4,TESLA,469
2023,4,TOYOTA,68
2023,4,UEBRIGE (SIEHE TYP),1
2023,4,VOLVO,182
2023,4,VOYAH,1
2023,4,VW,380
2023,5,AIWAYS,4
2023,5,AUDI,416
2023,5,BMW,257
2023,5,CITROEN,37
2023,5,CUPRA,179
2023,5,DACIA,11
2023,5,DS,10
2023,5,FIAT,204
2023,5,FORD,73
2023,5,GENESIS,64
2023,5,HONDA,16
2023,5,HYUNDAI,199
2023,5,JAC,17
2023,5,JAGUAR,5
2023,5,JEEP,5
2023,5,JUMBOLINO,1
2023,5,KIA,49
2023,5,LEXUS,10
2023,5,MAN,2
2023,5,MAZDA,3
2023,5,MERCEDES-BENZ,236
2023,5,MINI,50
2023,5,NISSAN,11
2023,5,OPEL,68
2023,5,PEUGEOT,53
2023,5,POLESTAR,106
2023,5,PORSCHE,39
2023,5,RENAULT,156
2023,5,SKODA,361
2023,5,SMART,29
2023,5,SSANGYONG,3
2023,5,SUBARU,29
2023,5,TESLA,923
2023,5,TOYOTA,81
2023,5,VOLVO,186
2023,5,VW,461
2023,6,AIWAYS,1
2023,6,AUDI,411
2023,6,BMW,287
2023,6,CITROEN,47
2023,6,CUPRA,181
2023,6,DACIA,12
2023,6,DS,4
2023,6,FIAT,185
2023,6,FORD,91
2023,6,GENESIS,64
2023,6,HONDA,21
2023,6,HYUNDAI,163
2023,6,JAC,9
2023,6,JAGUAR,3
2023,6,JEEP,36
2023,6,KIA,158
2023,6,LEXUS,15
2023,6,LUCID,6
2023,6,MAXUS,1
2023,6,MERCEDES-BENZ,287
2023,6,MINI,14
2023,6,NISSAN,19
2023,6,OPEL,56
2023,6,PEUGEOT,67
2023,6,POLESTAR,78
2023,6,PORSCHE,52
2023,6,RENAULT,275
2023,6,SKODA,371
2023,6,SMART,34
2023,6,SSANGYONG,4
2023,6,SUBARU,13
2023,6,TESLA,1368
2023,6,TOYOTA,105
2023,6,UEBRIGE (SIEHE TYP),3
2023,6,VOLVO,206
2023,6,VW,546
2023,7,AIWAYS,3
2023,7,AUDI,297
2023,7,BMW,216
2023,7,CITROEN,26
2023,7,CUPRA,163
2023,7,DACIA,21
2023,7,DS,8
2023,7,FIAT,124
2023,7,FORD,84
2023,7,GENESIS,58
2023,7,HONDA,6
2023,7,HYUNDAI,183
2023,7,JAC,10
2023,7,JAGUAR,5
2023,7,JEEP,50
2023,7,KIA,114
2023,7,LEXUS,13
2023,7,LUCID,1
2023,7,MAXUS,1
2023,7,MAZDA,1
2023,7,MERCEDES-BENZ,211
2023,7,MINI,10
2023,7,NISSAN,5
2023,7,OPEL,19
2023,7,PEUGEOT,104
2023,7,PININFARINA,1
2023,7,POLESTAR,106
2023,7,PORSCHE,62
2023,7,RENAULT,115
2023,7,SERES,2
2023,7,SKODA,312
2023,7,SMART,42
2023,7,SSANGYONG,2
2023,7,SUBARU,5
2023,7,TESLA,450
2023,7,TOYOTA,84
2023,7,VOLVO,243
2023,7,VW,447
2023,8,ABARTH,2
2023,8,AIWAYS,1
2023,8,AUDI,307
2023,8,BMW,364
2023,8,CITROEN,44
2023,8,CUPRA,144
2023,8,DACIA,25
2023,8,DS,4
2023,8,FIAT,140
2023,8,FORD,75
2023,8,GENESIS,36
2023,8,HONDA,27
2023,8,HYUNDAI,165
2023,8,JAC,6
2023,8,JAGUAR,2
2023,8,JEEP,12
2023,8,KIA,220
2023,8,LEXUS,17
2023,8,LOTUS,4
2023,8,LUCID,3
2023,8,MERCEDES-BENZ,285
2023,8,MINI,18
2023,8,NISSAN,34
2023,8,OPEL,43
2023,8,PEUGEOT,117
2023,8,POLESTAR,97
2023,8,PORSCHE,47
2023,8,RENAULT,108
2023,8,ROLLS ROYCE,1
2023,8,SKODA,236
2023,8,SMART,162
2023,8,SSANGYONG,16
2023,8,SUBARU,14
2023,8,TESLA,794
2023,8,TOYOTA,89
2023,8,VOLVO,210
2023,8,VW,433
2023,9,ABARTH,1
2023,9,AIWAYS,3
2023,9,AUDI,443
2023,9,BMW,275
2023,9,CITROEN,85
2023,9,CUPRA,149
2023,9,DACIA,56
2023,9,DS,5
2023,9,FIAT,161
2023,9,FORD,66
2023,9,GENESIS,44
2023,9,HONDA,34
2023,9,HYUNDAI,116
2023,9,JAC,11
2023,9,JAGUAR,2
2023,9,JEEP,12
2023,9,KIA,169
2023,9,LEXUS,5
2023,9,LOTUS,8
2023,9,LUCID,6
2023,9,MAZDA,1
2023,9,MERCEDES-BENZ,321
2023,9,MINI,15
2023,9,NISSAN,18
2023,9,OPEL,128
2023,9,PEUGEOT,124
2023,9,POLESTAR,77
2023,9,PORSCHE,34
2023,9,RENAULT,118
2023,9,ROLLS ROYCE,1
2023,9,SKODA,650
2023,9,SMART,180
2023,9,SSANGYONG,11
2023,9,SUBARU,11
2023,9,TESLA,994
2023,9,TOYOTA,71
2023,9,VOLVO,267
2023,9,VOYAH,5
2023,9,VW,480
2023,10,ABARTH,1
2023,10,AIWAYS,1
2023,10,AUDI,623
2023,10,BMW,312
2023,10,CITROEN,18
2023,10,CUPRA,164
2023,10,DACIA,58
2023,10,DS,5
2023,10,FIAT,91
2023,10,FISKER,7
2023,10,FORD,112
2023,10,GENESIS,33
2023,10,HONDA,22
2023,10,HYUNDAI,114
2023,10,JAC,18
2023,10,JAGUAR,3
2023,10,JEEP,67
2023,10,JIAYUAN,1
2023,10,KIA,74
2023,10,LEXUS,5
2023,10,LOTUS,1
2023,10,MAZDA,1
2023,10,MERCEDES-BENZ,252
2023,10,MINI,16
2023,10,NISSAN,48
2023,10,OPEL,65
2023,10,PEUGEOT,70
2023,10,POLESTAR,58
2023,10,PORSCHE,43
2023,10,RENAULT,154
2023,10,ROLLS ROYCE,2
2023,10,SKODA,629
2023,10,SMART,93
2023,10,SSANGYONG,3
2023,10,SUBARU,27
2023,10,TESLA,313
2023,10,TOYOTA,54
2023,10,VOLVO,455
2023,10,VOYAH,7
2023,10,VW,476
2023,11,AIWAYS,13
2023,11,AUDI,549
2023,11,BMW,309
2023,11,CITROEN,66
2023,11,CUPRA,154
2023,11,DACIA,61
2023,11,DS,7
2023,11,FIAT,114
2023,11,FISKER,13
2023,11,FORD,56
2023,11,GENESIS,39
2023,11,HONDA,14
2023,11,HYUNDAI,158
2023,11,JAC,13
2023,11,JAGUAR,3
2023,11,JEEP,29
2023,11,JUMBOLINO,2
2023,11,KIA,175
2023,11,LEXUS,16
2023,11,LOTUS,4
2023,11,LUCID,7
2023,11,MERCEDES-BENZ,222
2023,11,MINI,15
2023,11,NISSAN,23
2023,11,OPEL,136
2023,11,PEUGEOT,47
2023,11,POLESTAR,47
2023,11,PORSCHE,38
2023,11,RENAULT,211
2023,11,SKODA,540
2023,11,SKYWELL,1
2023,11,SMART,86
2023,11,SSANGYONG,4
2023,11,STIMBO,1
2023,11,SUBARU,8
2023,11,TESLA,788
2023,11,TOYOTA,63
2023,11,VOLVO,155
2023,11,VOYAH,4
2023,11,VW,546
2023,12,AIWAYS,1
2023,12,AUDI,755
2023,12,BMW,485
2023,12,CITROEN,8
2023,12,CUPRA,512
2023,12,DACIA,100
2023,12,DS,1
2023,12,FIAT,185
2023,12,FISKER,15
2023,12,FORD,130
2023,12,GENESIS,60
2023,12,HONDA,20
2023,12,HYUNDAI,144
2023,12,JAC,79
2023,12,JAGUAR,6
2023,12,JEEP,26
2023,12,JUMBOLINO,2
2023,12,KIA,132
2023,12,LEXUS,13
2023,12,LOTUS,6
2023,12,LUCID,1
2023,12,MAZDA,1
2023,12,MERCEDES-BENZ,310
2023,12,MG,1
2023,12,MINI,10
2023,12,NISSAN,91
2023,12,OPEL,66
2023,12,PEUGEOT,23
2023,12,POLESTAR,138
2023,12,PORSCHE,68
2023,12,RENAULT,345
2023,12,ROLLS ROYCE,2
2023,12,SERES,14
2023,12,SKODA,929
2023,12,SKYWELL,1
2023,12,SMART,121
2023,12,SSANGYONG,1
2023,12,STIMBO,2
2023,12,SUBARU,43
2023,12,TESLA,1092
2023,12,TOYOTA,60
2023,12,VOLVO,179
2023,12,VOYAH,4
2023,12,VW,1070
2024,1,AIWAYS,2
2024,1,AUDI,122
2024,1,BMW,235
2024,1,CADILLAC,2
2024,1,CITROEN,6
2024,1,CUPRA,18
2024,1,DACIA,23
2024,1,DS,1
2024,1,FIAT,60
2024,1,FISKER,26
2024,1,FORD,39
2024,1,GENESIS,32
2024,1,HONDA,12
2024,1,HYUNDAI,107
2024,1,JAC,24
2024,1,JAGUAR,1
2024,1,JEEP,42
2024,1,JIAYUAN,1
2024,1,KIA,145
2024,1,LEXUS,11
2024,1,LOTUS,5
2024,1,MASERATI,3
2024,1,MAZDA,1
2024,1,MERCEDES-BENZ,99
2024,1,MINI,1
2024,1,NISSAN,25
2024,1,OPEL,21
2024,1,PEUGEOT,53
2024,1,POLESTAR,31
2024,1,PORSCHE,20
2024,1,RENAULT,59
2024,1,ROLLS ROYCE,1
2024,1,SKODA,343
2024,1,SMART,81
2024,1,SSANGYONG,2
2024,1,TESLA,329
2024,1,TOYOTA,48
2024,1,UEBRIGE (SIEHE TYP),3
2024,1,VOLVO,228
2024,1,VOYAH,2
2024,1,VW,125
2024,2,AIWAYS,10
2024,2,AUDI,145
2024,2,BMW,240
2024,2,CITROEN,8
2024,2,CUPRA,18
2024,2,DACIA,43
2024,2,FIAT,133
2024,2,FISKER,16
2024,2,FORD,15
2024,2,GENESIS,13
2024,2,HONDA,14
2024,2,HYUNDAI,220
2024,2,JAC,8
2024,2,JEEP,19
2024,2,KIA,91
2024,2,LEXUS,3
2024,2,LOTUS,4
2024,2,LUCID,1
2024,2,MAN,1
2024,2,MASERATI,2
2024,2,MAZDA,1
2024,2,MERCEDES-BENZ,161
2024,2,MG,22
2024,2,NISSAN,29
2024,2,OPEL,67
2024,2,PEUGEOT,78
2024,2,POLESTAR,20
2024,2,PORSCHE,18
2024,2,RENAULT,106
2024,2,ROLLS ROYCE,1
2024,2,SERES,1
2024,2,SKODA,195
2024,2,SKYWELL,1
2024,2,SMART,75
2024,2,SSANGYONG,13
2024,2,STIMBO,1
2024,2,SUBARU,2
2024,2,TESLA,1007
2024,2,TOYOTA,76
2024,2,UEBRIGE (SIEHE TYP),1
2024,2,VOLVO,214
2024,2,VOYAH,5
2024,2,VW,213
2024,3,AIWAYS,11
2024,3,AUDI,201
2024,3,BMW,389
2024,3,BYD,3
2024,3,CITROEN,9
2024,3,CUPRA,43
2024,3,DACIA,44
2024,3,DS,1
2024,3,FIAT,90
2024,3,FISKER,9
2024,3,FORD,50
2024,3,GENESIS,14
2024,3,HONDA,71
2024,3,HYUNDAI,235
2024,3,JAC,2
2024,3,JAGUAR,9
2024,3,JEEP,31
2024,3,KIA,112
2024,3,LEXUS,3
2024,3,LOTUS,7
2024,3,LUCID,4
2024,3,MASERATI,1
2024,3,MERCEDES-BENZ,253
2024,3,MG,1
2024,3,MINI,1
2024,3,NISSAN,69
2024,3,OPEL,43
2024,3,PEUGEOT,38
2024,3,POLESTAR,30
2024,3,PORSCHE,10
2024,3,RENAULT,111
2024,3,SKODA,236
2024,3,SMART,93
2024,3,SSANGYONG,6
2024,3,SUBARU,9
2024,3,TESLA,1941
2024,3,TOYOTA,65
2024,3,VOLVO,264
2024,3,VOYAH,6
2024,3,VW,312
2024,4,AIWAYS,12
2024,4,AUDI,250
2024,4,BMW,323
2024,4,BYD,1
2024,4,CADILLAC,4
2024,4,CITROEN,5
2024,4,CUPRA,54
2024,4,DACIA,27
2024,4,FIAT,58
2024,4,FISKER,10
2024,4,FORD,36
2024,4,GENESIS,12
2024,4,HONDA,32
2024,4,HYUNDAI,179
2024,4,JAC,2
2024,4,JEEP,48
2024,4,KG MOBILITY,8
2024,4,KIA,81
2024,4,LEXUS,2
2024,4,LUCID,8
2024,4,MASERATI,4
2024,4,MERCEDES-BENZ,207
2024,4,MG,1
2024,4,MINI,27
2024,4,NISSAN,1
2024,4,OPEL,18
2024,4,PEUGEOT,60
2024,4,POLESTAR,12
2024,4,PORSCHE,18
2024,4,RENAULT,78
2024,4,ROLLS ROYCE,4
2024,4,SKODA,217
2024,4,SMART,69
2024,4,SSANGYONG,2
2024,4,SUBARU,12
2024,4,TESLA,440
2024,4,TOYOTA,30
2024,4,VOLVO,527
2024,4,VW,246
2024,5,AIWAYS,8
2024,5,AUDI,294
2024,5,BMW,314
2024,5,BYD,1
2024,5,CADILLAC,13
2024,5,CITROEN,9
2024,5,CUPRA,88
2024,5,DACIA,21
2024,5,FIAT,103
2024,5,FISKER,6
2024,5,FORD,36
2024,5,GENESIS,13
2024,5,HONDA,38
2024,5,HYUNDAI,189
2024,5,JAC,4
2024,5,JAGUAR,2
2024,5,JEEP,23
2024,5,KG MOBILITY,18
2024,5,KIA,89
2024,5,LEXUS,14
2024,5,LOTUS,1
2024,5,LUCID,4
2024,5,MASERATI,8
2024,5,MAXUS,1
2024,5,MERCEDES-BENZ,202
2024,5,MINI,56
2024,5,NISSAN,10
2024,5,OPEL,23
2024,5,PEUGEOT,53
2024,5,POLESTAR,35
2024,5,PORSCHE,42
2024,5,RENAULT,235
2024,5,ROLLS ROYCE,3
2024,5,SKODA,204
2024,5,SMART,78
2024,5,SSANGYONG,1
2024,5,SUBARU,12
2024,5,TESLA,525
2024,5,TOYOTA,10
2024,5,UEBRIGE (SIEHE TYP),1
2024,5,VOLVO,379
2024,5,VOYAH,3
2024,5,VW,414
2024,6,ABARTH,2
2024,6,AIWAYS,6
2024,6,AUDI,346
2024,6,BMW,344
2024,6,BYD,5
2024,6,CADILLAC,31
2024,6,CITROEN,1
2024,6,CLUB CAR,1
2024,6,CUPRA,107
2024,6,DACIA,17
2024,6,FIAT,65
2024,6,FISKER,2
2024,6,FORD,39
2024,6,GENESIS,13
2024,6,HONDA,29
2024,6,HYUNDAI,191
2024,6,JAC,2
2024,6,JAGUAR,3
2024,6,JEEP,10
2024,6,JUMBOLINO,1
2024,6,KG MOBILITY,13
2024,6,KIA,100
2024,6,LEXUS,1
2024,6,LOTUS,12
2024,6,LUCID,3
2024,6,MASERATI,2
2024,6,MAXUS,2
2024,6,MAZDA,1
2024,6,MERCEDES-BENZ,212
2024,6,MG,10
2024,6,MINI,100
2024,6,NISSAN,10
2024,6,OPEL,41
2024,6,PEUGEOT,79
2024,6,POLESTAR,70
2024,6,PORSCHE,25
2024,6,RENAULT,197
2024,6,SERES,1
2024,6,SKODA,273
2024,6,SKYWELL,2
2024,6,SMART,74
2024,6,SSANGYONG,4
2024,6,SUBARU,8
2024,6,TESLA,968
2024,6,TOYOTA,28
2024,6,VOLVO,379
2024,6,VOYAH,1
2024,6,VW,391
2024,7,ABARTH,4
2024,7,AIWAYS,4
2024,7,AUDI,409
2024,7,BMW,218
2024,7,BYD,4
2024,7,CADILLAC,7
2024,7,CITROEN,7
2024,7,CLUB CAR,2
2024,7,CUPRA,151
2024,7,DACIA,5
2024,7,DONGFENG,4
2024,7,DS,1
2024,7,FIAT,67
2024,7,FISKER,2
2024,7,FORD,51
2024,7,GENESIS,12
2024,7,HONDA,24
2024,7,HYUNDAI,254
2024,7,JAC,2
2024,7,JEEP,83
2024,7,KG MOBILITY,7
2024,7,KIA,84
2024,7,LEXUS,2
2024,7,LOTUS,4
2024,7,LUCID,4
2024,7,MASERATI,6
2024,7,MAXUS,3
2024,7,MAZDA,2
2024,7,MERCEDES-BENZ,180
2024,7,MG,78
2024,7,MINI,90
2024,7,NISSAN,6
2024,7,OPEL,60
2024,7,PEUGEOT,84
2024,7,POLESTAR,68
2024,7,PORSCHE,33
2024,7,RENAULT,135
2024,7,RIMAC,1
2024,7,ROLLS ROYCE,1
2024,7,SKODA,125
2024,7,SKYWELL,1
2024,7,SMART,53
2024,7,SSANGYONG,2
2024,7,STIMBO,1
2024,7,SUBARU,2
2024,7,TESLA,356
2024,7,TOYOTA,23
2024,7,UEBRIGE (SIEHE TYP),4
2024,7,VOLVO,402
2024,7,VOYAH,1
2024,7,VW,269
2024,8,ABARTH,3
2024,8,AIWAYS,4
2024,8,AUDI,298
2024,8,BMW,241
2024,8,BYD,5
2024,8,CADILLAC,10
2024,8,CITROEN,9
2024,8,CUPRA,92
2024,8,DACIA,2
2024,8,FIAT,46
2024,8,FORD,87
2024,8,GENESIS,8
2024,8,HONDA,12
2024,8,HYUNDAI,227
2024,8,JAGUAR,1
2024,8,JEEP,78
2024,8,KG MOBILITY,2
2024,8,KIA,100
2024,8,LEXUS,3
2024,8,LOTUS,5
2024,8,LUCID,2
2024,8,MASERATI,2
2024,8,MAXUS,1
2024,8,MERCEDES-BENZ,322
2024,8,MG,10
2024,8,MINI,64
2024,8,NISSAN,10
2024,8,OPEL,37
2024,8,PEUGEOT,53
2024,8,POLESTAR,57
2024,8,PORSCHE,28
2024,8,RENAULT,116
2024,8,ROLLS ROYCE,3
2024,8,SERES,1
2024,8,SKODA,201
2024,8,SKYWELL,1
2024,8,SMART,46
2024,8,SSANGYONG,1
2024,8,SUBARU,1
2024,8,TESLA,629
2024,8,TOYOTA,22
2024,8,VOLVO,362
2024,8,VOYAH,1
2024,8,VW,239
2024,9,ABARTH,3
2024,9,AIWAYS,1
2024,9,ALFA ROMEO,13
2024,9,AUDI,426
2024,9,BMW,240
2024,9,BYD,8
2024,9,CADILLAC,13
2024,9,CITROEN,11
2024,9,CUPRA,149
2024,9,DACIA,8
2024,9,FIAT,44
2024,9,FORD,105
2024,9,GENESIS,18
2024,9,HONDA,17
2024,9,HYUNDAI,254
2024,9,JAGUAR,1
2024,9,JEEP,36
2024,9,JIAYUAN,2
2024,9,JUMBOLINO,2
2024,9,KG MOBILITY,3
2024,9,KIA,87
2024,9,LEXUS,4
2024,9,LOTUS,9
2024,9,LUCID,3
2024,9,MASERATI,5
2024,9,MERCEDES-BENZ,198
2024,9,MG,11
2024,9,MINI,127
2024,9,NISSAN,37
2024,9,OPEL,36
2024,9,PEUGEOT,99
2024,9,POLESTAR,85
2024,9,PORSCHE,87
2024,9,RENAULT,173
2024,9,ROLLS ROYCE,1
2024,9,SKODA,370
2024,9,SMART,72
2024,9,SSANGYONG,2
2024,9,SUBARU,7
2024,9,TESLA,1047
2024,9,TOYOTA,34
2024,9,VOLVO,401
2024,9,VOYAH,5
2024,9,VW,319
2024,10,ABARTH,4
2024,10,AIWAYS,2
2024,10,ALFA ROMEO,20
2024,10,ALPINE,1
2024,10,AUDI,480
2024,10,BMW,223
2024,10,BYD,6
2024,10,CADILLAC,7
2024,10,CITROEN,23
2024,10,CUPRA,153
2024,10,DACIA,35
2024,10,DS,1
2024,10,FIAT,50
2024,10,FISKER,1
2024,10,FORD,89
2024,10,GENESIS,28
2024,10,HONDA,8
2024,10,HYUNDAI,273
2024,10,JAC,28
2024,10,JAGUAR,3
2024,10,JEEP,28
2024,10,KIA,76
2024,10,LEXUS,3
2024,10,LOTUS,4
2024,10,LUCID,5
2024,10,MASERATI,5
2024,10,MAXUS,1
2024,10,MAZDA,1
2024,10,MERCEDES-BENZ,159
2024,10,MG,15
2024,10,MINI,75
2024,10,NISSAN,2
2024,10,OPEL,24
2024,10,PEUGEOT,62
2024,10,POLESTAR,53
2024,10,PORSCHE,203
2024,10,RENAULT,183
2024,10,ROLLS ROYCE,3
2024,10,SKODA,311
2024,10,SMART,99
2024,10,SSANGYONG,6
2024,10,SUBARU,7
2024,10,TESLA,259
2024,10,TOYOTA,29
2024,10,VOLVO,251
2024,10,VOYAH,3
2024,10,VW,223
2024,11,ABARTH,1
2024,11,AIWAYS,2
2024,11,ALFA ROMEO,14
2024,11,AUDI,553
2024,11,BMW,240
2024,11,BYD,2
2024,11,CADILLAC,1
2024,11,CITROEN,53
2024,11,CUPRA,172
2024,11,DACIA,39
2024,11,DS,1
2024,11,FIAT,25
2024,11,FORD,98
2024,11,GENESIS,13
2024,11,HONDA,13
2024,11,HYUNDAI,287
2024,11,JAC,2
2024,11,JAGUAR,1
2024,11,JEEP,10
2024,11,JIAYUAN,1
2024,11,JUMBOLINO,2
2024,11,KG MOBILITY,4
2024,11,KIA,184
2024,11,LEAPMOTOR,1
2024,11,LEXUS,15
2024,11,LOTUS,7
2024,11,LUCID,3
2024,11,MASERATI,4
2024,11,MAZDA,1
2024,11,MERCEDES-BENZ,126
2024,11,MG,13
2024,11,MINI,126
2024,11,NISSAN,4
2024,11,OPEL,24
2024,11,PEUGEOT,71
2024,11,POLESTAR,60
2024,11,PORSCHE,158
2024,11,RENAULT,222
2024,11,ROLLS ROYCE,2
2024,11,SERES,1
2024,11,SKODA,412
2024,11,SKYWELL,4
2024,11,SMART,76
2024,11,SSANGYONG,4
2024,11,SUBARU,4
2024,11,TESLA,541
2024,11,TOYOTA,35
2024,11,VOLVO,290
2024,11,VOYAH,1
2024,11,VW,279
2024,12,ABARTH,8
2024,12,AIWAYS,1
2024,12,ALFA ROMEO,13
2024,12,ALPINE,7
2024,12,AUDI,630
2024,12,BMW,245
2024,12,BYD,6
2024,12,CADILLAC,24
2024,12,CITROEN,30
2024,12,CUPRA,410
2024,12,DACIA,36
2024,12,FIAT,36
2024,12,FORD,115
2024,12,GENESIS,10
2024,12,HONDA,3
2024,12,HYUNDAI,334
2024,12,JAC,16
2024,12,JAGUAR,1
2024,12,JEEP,7
2024,12,JUMBOLINO,1
2024,12,KIA,179
2024,12,KLINGLER,1
2024,12,LEAPMOTOR,5
2024,12,LEXUS,4
2024,12,LOTUS,10
2024,12,LUCID,6
2024,12,MASERATI,9
2024,12,MAXUS,2
2024,12,MERCEDES-BENZ,213
2024,12,MG,33
2024,12,MINI,114
2024,12,NISSAN,9
2024,12,OPEL,47
2024,12,PEUGEOT,55
2024,12,POLESTAR,82
2024,12,PORSCHE,120
2024,12,RENAULT,467
2024,12,ROLLS ROYCE,1
2024,12,SKODA,317
2024,12,SKYWELL,6
2024,12,SMART,72
2024,12,STIMBO,1
2024,12,SUBARU,3
2024,12,TESLA,868
2024,12,TOYOTA,19
2024,12,UEBRIGE (SIEHE TYP),1
2024,12,VOLVO,435
2024,12,VOYAH,2
2024,12,VW,516
2025,1,ABARTH,1
2025,1,AIWAYS,1
2025,1,ALFA ROMEO,5
2025,1,ALPINE,11
2025,1,AUDI,291
2025,1,BMW,299
2025,1,BYD,7
2025,1,CADILLAC,7
2025,1,CITROEN,56
2025,1,CUPRA,61
2025,1,DACIA,62
2025,1,FIAT,22
2025,1,FORD,46
2025,1,GENESIS,14
2025,1,HONDA,4
2025,1,HYUNDAI,147
2025,1,JAC,1
2025,1,JAGUAR,2
2025,1,JEEP,3
2025,1,KG MOBILITY,2
2025,1,KIA,161
2025,1,LEAPMOTOR,41
2025,1,LEXUS,11
2025,1,LOTUS,5
2025,1,LUCID,2
2025,1,MASERATI,1
2025,1,MAXUS,1
2025,1,MERCEDES-BENZ,74
2025,1,MG,37
2025,1,MINI,77
2025,1,NIO,1
2025,1,NISSAN,27
2025,1,OPEL,50
2025,1,PEUGEOT,136
2025,1,POLESTAR,51
2025,1,PORSCHE,152
2025,1,RENAULT,189
2025,1,ROLLS ROYCE,2
2025,1,SKODA,143
2025,1,SKYWELL,1
2025,1,SMART,60
2025,1,SSANGYONG,1
2025,1,SUBARU,3
2025,1,TESLA,240
2025,1,TOYOTA,68
2025,1,VOLVO,178
2025,1,VW,196
2025,1,ZEEKR,1
2025,2,ABARTH,1
2025,2,AIWAYS,1
2025,2,ALFA ROMEO,3
2025,2,ALPINE,12
2025,2,AUDI,285
2025,2,BMW,275
2025,2,BYD,7
2025,2,CADILLAC,5
2025,2,CITROEN,28
2025,2,CUPRA,106
2025,2,DACIA,37
2025,2,DONGFENG,3
2025,2,DS,1
2025,2,FIAT,11
2025,2,FORD,51
2025,2,GENESIS,15
2025,2,HONDA,5
2025,2,HYUNDAI,228
2025,2,JAC,1
2025,2,JEEP,3
2025,2,JUMBOLINO,1
2025,2,KG MOBILITY,3
2025,2,KIA,108
2025,2,LEAPMOTOR,46
2025,2,LEXUS,5
2025,2,LOTUS,3
2025,2,LUCID,10
2025,2,MERCEDES-BENZ,68
2025,2,MG,24
2025,2,MINI,103
2025,2,NISSAN,194
2025,2,OPEL,52
2025,2,PEUGEOT,80
2025,2,POLESTAR,91
2025,2,PORSCHE,126
2025,2,RENAULT,281
2025,2,SKODA,291
2025,2,SKYWELL,1
2025,2,SMART,42
2025,2,SSANGYONG,1
2025,2,SUBARU,5
2025,2,TESLA,342
2025,2,TOYOTA,59
2025,2,VOLVO,180
2025,2,VOYAH,3
2025,2,VW,231
2025,3,ABARTH,1
2025,3,ALFA ROMEO,16
2025,3,ALPINE,11
2025,3,AUDI,467
2025,3,BMW,340
2025,3,BYD,41
2025,3,CADILLAC,8
2025,3,CITROEN,82
2025,3,CUPRA,147
2025,3,DACIA,33
2025,3,FIAT,50
2025,3,FORD,67
2025,3,GENESIS,17
2025,3,HONDA,9
2025,3,HYUNDAI,292
2025,3,JAC,4
2025,3,JAGUAR,7
2025,3,JEEP,5
2025,3,KG MOBILITY,3
2025,3,KIA,119
2025,3,LEAPMOTOR,34
2025,3,LEXUS,9
2025,3,LOTUS,3
2025,3,LUCID,3
2025,3,MASERATI,1
2025,3,MAXUS,1
2025,3,MERCEDES-BENZ,158
2025,3,MG,53
2025,3,MINI,114
2025,3,NISSAN,78
2025,3,OPEL,54
2025,3,PEUGEOT,110
2025,3,POLESTAR,108
2025,3,PORSCHE,161
2025,3,RENAULT,266
2025,3,ROLLS ROYCE,2
2025,3,SERES,5
2025,3,SKODA,341
2025,3,SMART,33
2025,3,SSANGYONG,5
2025,3,SUBARU,2
2025,3,TESLA,672
2025,3,TOYOTA,50
2025,3,UEBRIGE (SIEHE TYP),1
2025,3,VOLVO,186
2025,3,VW,302
2025,3,XPENG,1
2025,4,ABARTH,20
2025,4,ALFA ROMEO,6
2025,4,ALPINE,31
2025,4,AUDI,413
2025,4,BMW,321
2025,4,BYD,7
2025,4,CADILLAC,1
2025,4,CITROEN,58
2025,4,CLUB CAR,3
2025,4,CUPRA,113
2025,4,DACIA,39
2025,4,DONGFENG,27
2025,4,FIAT,27
2025,4,FORD,68
2025,4,GENESIS,21
2025,4,HONDA,11
2025,4,HYUNDAI,173
2025,4,JAC,5
2025,4,JAGUAR,2
2025,4,JEEP,6
2025,4,KG MOBILITY,2
2025,4,KIA,104
2025,4,LEAPMOTOR,37
2025,4,LEXUS,7
2025,4,LOTUS,5
2025,4,LUCID,3
2025,4,MASERATI,2
2025,4,MAXUS,1
2025,4,MERCEDES-BENZ,131
2025,4,MG,29
2025,4,MINI,84
2025,4,NISSAN,4
2025,4,OPEL,57
2025,4,PEUGEOT,72
2025,4,POLESTAR,79
2025,4,PORSCHE,148
2025,4,RENAULT,176
2025,4,SERES,13
2025,4,SKODA,318
2025,4,SKYWELL,1
2025,4,SMART,52
2025,4,SSANGYONG,1
2025,4,SUBARU,5
2025,4,TESLA,224
2025,4,TOYOTA,34
2025,4,UEBRIGE (SIEHE TYP),1
2025,4,VOLVO,219
2025,4,VW,289
2025,5,ABARTH,8
2025,5,ALFA ROMEO,7
2025,5,ALPINE,40
2025,5,AUDI,404
2025,5,BMW,350
2025,5,BYD,45
2025,5,CADILLAC,3
2025,5,CITROEN,28
2025,5,CUPRA,129
2025,5,CUSHMAN,1
2025,5,DACIA,34
2025,5,DONGFENG,3
2025,5,FIAT,44
2025,5,FORD,113
2025,5,GENESIS,35
2025,5,HONDA,9
2025,5,HYUNDAI,240
2025,5,JAC,16
2025,5,JAGUAR,4
2025,5,JEEP,2
2025,5,KG MOBILITY,7
2025,5,KIA,96
2025,5,LEAPMOTOR,29
2025,5,LEXUS,4
2025,5,LOTUS,7
2025,5,LUCID,6
2025,5,MASERATI,6
2025,5,MAZDA,1
2025,5,MERCEDES-BENZ,161
2025,5,MG,31
2025,5,MINI,95
2025,5,NISSAN,3
2025,5,OPEL,59
2025,5,PEUGEOT,72
2025,5,POLESTAR,128
2025,5,PORSCHE,166
2025,5,RENAULT,183
2025,5,ROLLS ROYCE,2
2025,5,SERES,7
2025,5,SKODA,444
2025,5,SMART,98
2025,5,SSANGYONG,2
2025,5,SUBARU,4
2025,5,TESLA,446
2025,5,TOYOTA,29
2025,5,UEBRIGE (SIEHE TYP),1
2025,5,VOLVO,257
2025,5,VOYAH,1
2025,5,VW,339
2025,5,XPENG,3
2025,6,ABARTH,10
2025,6,AIWAYS,2
2025,6,ALFA ROMEO,14
2025,6,ALPINE,42
2025,6,AUDI,412
2025,6,BMW,308
2025,6,BYD,26
2025,6,CADILLAC,5
2025,6,CITROEN,57
2025,6,CITROEN-POESSL,1
2025,6,CUPRA,119
2025,6,DACIA,30
2025,6,DONGFENG,4
2025,6,FIAT,54
2025,6,FORD,91
2025,6,GENESIS,31
2025,6,HONDA,11
2025,6,HYUNDAI,189
2025,6,JAC,56
2025,6,JAGUAR,4
2025,6,JEEP,8
2025,6,KG MOBILITY,1
2025,6,KIA,119
2025,6,LEAPMOTOR,30
2025,6,LEXUS,3
2025,6,LOTUS,4
2025,6,LUCID,6
2025,6,MASERATI,2
2025,6,MAXUS,3
2025,6,MERCEDES-BENZ,237
2025,6,MG,58
2025,6,MINI,166
2025,6,NISSAN,23
2025,6,OPEL,69
2025,6,PEUGEOT,65
2025,6,POLESTAR,157
2025,6,PORSCHE,95
2025,6,RENAULT,230
2025,6,ROLLS ROYCE,1
2025,6,SERES,6
2025,6,SKODA,589
2025,6,SKYWELL,1
2025,6,SMART,46
2025,6,SSANGYONG,1
2025,6,SUBARU,1
2025,6,TESLA,986
2025,6,TOYOTA,28
2025,6,VOLVO,258
2025,6,VOYAH,4
2025,6,VW,377
2025,6,XPENG,5
2025,6,ZEEKR,2
2025,7,ABARTH,2
2025,7,ALFA ROMEO,9
2025,7,ALPINE,33
2025,7,AUDI,266
2025,7,BMW,230
2025,7,BYD,31
2025,7,CADILLAC,1
2025,7,CITROEN,43
2025,7,CLUB CAR,1
2025,7,CUPRA,86
2025,7,DACIA,24
2025,7,DONGFENG,6
2025,7,FIAT,43
2025,7,FORD,90
2025,7,GENESIS,18
2025,7,HONDA,9
2025,7,HYUNDAI,182
2025,7,JAC,28
2025,7,JEEP,6
2025,7,JUMBOLINO,2
2025,7,KG MOBILITY,14
2025,7,KIA,127
2025,7,LEAPMOTOR,57
2025,7,LOTUS,3
2025,7,LUCID,23
2025,7,MASERATI,2
2025,7,MAXUS,1
2025,7,MERCEDES-BENZ,142
2025,7,MG,72
2025,7,MINI,107
2025,7,NISSAN,8
2025,7,OPEL,31
2025,7,PEUGEOT,109
2025,7,POLESTAR,56
2025,7,PORSCHE,84
2025,7,RENAULT,211
2025,7,ROLLS ROYCE,1
2025,7,SERES,3
2025,7,SKODA,534
2025,7,SKYWELL,1
2025,7,SMART,77
2025,7,SUBARU,2
2025,7,TESLA,319
2025,7,TOYOTA,19
2025,7,UEBRIGE (SIEHE TYP),7
2025,7,VOLVO,269
2025,7,VOYAH,4
2025,7,VW,387
2025,7,ZEEKR,5
2025,8,ABARTH,9
2025,8,ALFA ROMEO,13
2025,8,ALPINE,23
2025,8,AUDI,283
2025,8,BMW,265
2025,8,BYD,39
2025,8,CADILLAC,2
2025,8,CITROEN,47
2025,8,CUPRA,98
2025,8,DACIA,14
2025,8,DONGFENG,4
2025,8,FIAT,31
2025,8,FORD,100
2025,8,GENESIS,15
2025,8,HONDA,7
2025,8,HYUNDAI,149
2025,8,JAC,16
2025,8,JAGUAR,1
2025,8,JEEP,7
2025,8,KG MOBILITY,7
2025,8,KIA,104
2025,8,LEAPMOTOR,27
2025,8,LOTUS,4
2025,8,LUCID,1
2025,8,MAZDA,10
2025,8,MERCEDES-BENZ,111
2025,8,MG,56
2025,8,MINI,74
2025,8,NIO,1
2025,8,NISSAN,1
2025,8,OPEL,38
2025,8,PEUGEOT,57
2025,8,POLESTAR,66
2025,8,PORSCHE,70
2025,8,RENAULT,222
2025,8,SERES,2
2025,8,SKODA,401
2025,8,SKYWELL,78
2025,8,SMART,62
2025,8,SUBARU,2
2025,8,TESLA,276
2025,8,TOYOTA,18
2025,8,UEBRIGE (SIEHE TYP),1
2025,8,VOLVO,230
2025,8,VOYAH,1
2025,8,VW,223
2025,8,XPENG,1
2025,8,ZEEKR,10
2025,9,ABARTH,14
2025,9,ALFA ROMEO,15
2025,9,ALPINE,22
2025,9,AUDI,360
2025,9,Avantier,1
2025,9,BMW,248
2025,9,BYD,48
2025,9,CADILLAC,4
2025,9,CITROEN,45
2025,9,CUPRA,215
2025,9,DACIA,26
2025,9,FIAT,59
2025,9,FISKER,4
2025,9,FORD,74
2025,9,GENESIS,18
2025,9,HONDA,15
2025,9,HYUNDAI,186
2025,9,JAC,4
2025,9,JEEP,6
2025,9,JUMBOLINO,1
2025,9,KG MOBILITY,4
2025,9,KIA,149
2025,9,LEAPMOTOR,52
2025,9,LOTUS,3
2025,9,LUCID,3
2025,9,MAZDA,84
2025,9,MERCEDES-BENZ,212
2025,9,MG,107
2025,9,MINI,96
2025,9,NISSAN,15
2025,9,OPEL,44
2025,9,PEUGEOT,76
2025,9,POLESTAR,96
2025,9,PORSCHE,77
2025,9,RENAULT,174
2025,9,ROLLS ROYCE,1
2025,9,SERES,8
2025,9,SKODA,628
2025,9,SMART,56
2025,9,SSANGYONG,4
2025,9,SUBARU,7
2025,9,TESLA,1007
2025,9,TOYOTA,31
2025,9,VOLVO,418
2025,9,VW,437
2025,9,XPENG,3
2025,9,ZEEKR,7
2025,10,ABARTH,1
2025,10,ALFA ROMEO,8
2025,10,ALPINE,13
2025,10,AUDI,296
2025,10,BMW,235
2025,10,BYD,74
2025,10,CADILLAC,1
2025,10,CITROEN,55
2025,10,CUPRA,181
2025,10,DACIA,31
2025,10,DONGFENG,7
2025,10,DS,6
2025,10,FIAT,41
2025,10,FISKER,2
2025,10,FORD,144
2025,10,GENESIS,22
2025,10,HONDA,6
2025,10,HYUNDAI,204
2025,10,JAC,44
2025,10,JEEP,7
2025,10,JUMBOLINO,1
2025,10,KG MOBILITY,4
2025,10,KIA,192
2025,10,LEAPMOTOR,73
2025,10,LOTUS,1
2025,10,LUCID,1
2025,10,MASERATI,2
2025,10,MAZDA,28
2025,10,MERCEDES-BENZ,143
2025,10,MG,60
2025,10,MINI,69
2025,10,NISSAN,5
2025,10,OPEL,41
2025,10,PEUGEOT,58
2025,10,POLESTAR,73
2025,10,PORSCHE,91
2025,10,RENAULT,294
2025,10,ROLLS ROYCE,2
2025,10,SERES,5
2025,10,SKODA,720
2025,10,SKYWELL,1
2025,10,SMART,76
2025,10,SSANGYONG,2
2025,10,SUBARU,7
2025,10,TESLA,125
2025,10,TOYOTA,25
2025,10,VOLVO,376
2025,10,VOYAH,1
2025,10,VW,348
2025,10,XPENG,6
2025,10,ZEEKR,20
2025,11,ABARTH,4
2025,11,ALFA ROMEO,5
2025,11,ALPINE,30
2025,11,AUDI,325
2025,11,BMW,215
2025,11,BYD,64
2025,11,CADILLAC,9
2025,11,CITROEN,108
2025,11,CUPRA,271
2025,11,DACIA,30
2025,11,DONGFENG,6
2025,11,DS,12
2025,11,FIAT,35
2025,11,FISKER,2
2025,11,FORD,166
2025,11,GENESIS,19
2025,11,HONDA,3
2025,11,HYUNDAI,236
2025,11,JAC,33
2025,11,JEEP,4
2025,11,KG MOBILITY,11
2025,11,KIA,107
2025,11,LEAPMOTOR,126
2025,11,LOTUS,3
2025,11,LUCID,11
2025,11,MASERATI,4
2025,11,MAZDA,34
2025,11,MERCEDES-BENZ,173
2025,11,MG,100
2025,11,MINI,88
2025,11,NISSAN,8
2025,11,OPEL,21
2025,11,PEUGEOT,77
2025,11,POLESTAR,52
2025,11,PORSCHE,43
2025,11,RENAULT,322
2025,11,ROLLS ROYCE,1
2025,11,SERES,4
2025,11,SKODA,922
2025,11,SKYWELL,1
2025,11,SMART,58
2025,11,SUBARU,5
2025,11,SUZUKI,67
2025,11,TESLA,243
2025,11,TOYOTA,25
2025,11,UEBRIGE (SIEHE TYP),1
2025,11,VOLVO,336
2025,11,VW,326
2025,11,XPENG,10
2025,11,ZEEKR,42
2025,12,ABARTH,5
2025,12,ALFA ROMEO,10
2025,12,ALPINE,40
2025,12,AUDI,504
2025,12,BMW,306
2025,12,BYD,95
2025,12,CADILLAC,14
2025,12,CITROEN,81
2025,12,CUPRA,489
2025,12,DACIA,59
2025,12,DONGFENG,1
2025,12,DS,12
2025,12,FIAT,95
2025,12,FORD,99
2025,12,GENESIS,20
2025,12,HONDA,4
2025,12,HYUNDAI,241
2025,12,JAC,140
2025,12,JEEP,6
2025,12,JIALING,2
2025,12,JUMBOLINO,1
2025,12,KG MOBILITY,9
2025,12,KIA,150
2025,12,LEAPMOTOR,162
2025,12,LOTUS,6
2025,12,MAN,2
2025,12,MASERATI,15
2025,12,MAXUS,2
2025,12,MAZDA,41
2025,12,MERCEDES-BENZ,205
2025,12,MG,101
2025,12,MINI,107
2025,12,MITSUBISHI,72
2025,12,NISSAN,451
2025,12,OPEL,44
2025,12,PEUGEOT,36
2025,12,POLESTAR,118
2025,12,PORSCHE,53
2025,12,RENAULT,292
2025,12,SERES,5
2025,12,SKODA,981
2025,12,SKYWELL,2
2025,12,SMART,87
2025,12,SSANGYONG,1
2025,12,SUBARU,3
2025,12,SUZUKI,144
2025,12,TESLA,1580
2025,12,TOYOTA,520
2025,12,UEBRIGE (SIEHE TYP),3
2025,12,VOLVO,569
2025,12,VOYAH,3
2025,12,VW,429
2025,12,XPENG,31
2025,12,ZEEKR,45
2026,1,ABARTH,1
2026,1,ALFA ROMEO,6
2026,1,ALPINE,13
2026,1,AUDI,139
2026,1,BMW,166
2026,1,BYD,73
2026,1,CADILLAC,1
2026,1,CITROEN,69
2026,1,CUPRA,48
2026,1,DACIA,22
2026,1,DONGFENG,1
2026,1,DS,8
2026,1,FIAT,22
2026,1,FISKER,1
2026,1,FORD,67
2026,1,GENESIS,13
2026,1,HYUNDAI,118
2026,1,JAC,9
2026,1,JEEP,1
2026,1,KG MOBILITY,1
2026,1,KIA,214
2026,1,LEAPMOTOR,111
2026,1,LEXUS,15
2026,1,LUCID,5
2026,1,MASERATI,1
2026,1,MAZDA,12
2026,1,MERCEDES-BENZ,100
2026,1,MG,29
2026,1,MINI,65
2026,1,MITSUBISHI,4
2026,1,NISSAN,37
2026,1,OPEL,59
2026,1,PEUGEOT,71
2026,1,POLESTAR,61
2026,1,PORSCHE,123
2026,1,RENAULT,121
2026,1,RIMAC,1
2026,1,ROLLS ROYCE,1
2026,1,SERES,2
2026,1,SKODA,396
2026,1,SKYWELL,1
2026,1,SMART,65
2026,1,SUZUKI,4
2026,1,TESLA,83
2026,1,TOYOTA,114
2026,1,VOLVO,286
2026,1,VOYAH,4
2026,1,VW,125
2026,1,XPENG,21
2026,1,ZEEKR,43
2026,2,ABARTH,3
2026,2,ALFA ROMEO,9
2026,2,ALPINE,19
2026,2,AUDI,182
2026,2,BMW,179
2026,2,BYD,78
2026,2,CADILLAC,2
2026,2,CITROEN,32
2026,2,CUPRA,112
2026,2,DACIA,22
2026,2,DONGFENG,1
2026,2,DS,9
2026,2,FIAT,19
2026,2,FISKER,1
2026,2,FORD,86
2026,2,GENESIS,55
2026,2,HYUNDAI,106
2026,2,JAC,10
2026,2,JEEP,16
2026,2,KG MOBILITY,3
2026,2,KIA,143
2026,2,LEAPMOTOR,93
2026,2,LEXUS,15
2026,2,LUCID,5
2026,2,MAXUS,1
2026,2,MAZDA,10
2026,2,MERCEDES-BENZ,97
2026,2,MG,60
2026,2,MINI,88
2026,2,MITSUBISHI,3
2026,2,NISSAN,27
2026,2,OPEL,37
2026,2,PEUGEOT,46
2026,2,POLESTAR,51
2026,2,PORSCHE,79
2026,2,RENAULT,156
2026,2,SERES,2
2026,2,SKODA,494
2026,2,SMART,40
2026,2,SUBARU,45
2026,2,SUZUKI,5
2026,2,TESLA,227
2026,2,TOYOTA,72
2026,2,VOLVO,157
2026,2,VOYAH,2
2026,2,VW,171
2026,2,XPENG,22
2026,2,ZEEKR,42
2026,3,ABARTH,10
2026,3,AIWAYS,1
2026,3,ALFA ROMEO,3
2026,3,ALPINE,23
2026,3,AUDI,417
2026,3,BMW,469
2026,3,BYD,143
2026,3,CADILLAC,6
2026,3,CITROEN,39
2026,3,CLUB CAR,2
2026,3,CUPRA,158
2026,3,DACIA,32
2026,3,DONGFENG,4
2026,3,DS,6
2026,3,FIAT,54
2026,3,FISKER,1
2026,3,FORD,95
2026,3,GENESIS,15
2026,3,HYUNDAI,156
2026,3,JAC,32
2026,3,JEEP,18
2026,3,JUMBOLINO,1
2026,3,KG MOBILITY,6
2026,3,KIA,176
2026,3,LEAPMOTOR,109
2026,3,LEXUS,7
2026,3,LOTUS,1
2026,3,LUCID,3
2026,3,MASERATI,4
2026,3,MAZDA,18
2026,3,MERCEDES-BENZ,232
2026,3,MG,146
2026,3,MINI,90
2026,3,MITSUBISHI,10
2026,3,NISSAN,49
2026,3,OPEL,70
2026,3,PEUGEOT,61
2026,3,POLESTAR,127
2026,3,PORSCHE,123
2026,3,RENAULT,227
2026,3,ROLLS ROYCE,2
2026,3,SERES,2
2026,3,SKODA,652
2026,3,SMART,72
2026,3,STIMBO,1
2026,3,SUBARU,30
2026,3,SUZUKI,15
2026,3,TESLA,684
2026,3,TOYOTA,174
2026,3,VOLVO,265
2026,3,VOYAH,2
2026,3,VW,248
2026,3,XPENG,38
2026,3,ZEEKR,78
2026,4,ALFA ROMEO,1
2026,4,ALPINE,18
2026,4,AUDI,87
2026,4,BMW,107
2026,4,BYD,83
2026,4,CITROEN,5
2026,4,CUPRA,48
2026,4,DACIA,13
2026,4,FIAT,23
2026,4,FORD,42
2026,4,GENESIS,1
2026,4,HYUNDAI,55
2026,4,JAC,15
2026,4,JEEP,2
2026,4,KG MOBILITY,1
2026,4,KIA,37
2026,4,LEAPMOTOR,35
2026,4,LEXUS,2
2026,4,LOTUS,1
2026,4,LUCID,1
2026,4,LYNK&CO,3
2026,4,MAZDA,8
2026,4,MERCEDES-BENZ,140
2026,4,MG,24
2026,4,MINI,19
2026,4,MITSUBISHI,2
2026,4,NISSAN,2
2026,4,OPEL,8
2026,4,PEUGEOT,8
2026,4,POLESTAR,23
2026,4,PORSCHE,30
2026,4,RENAULT,67
2026,4,SERES,1
2026,4,SKODA,300
2026,4,SMART,20
2026,4,SUBARU,8
2026,4,SUZUKI,17
2026,4,TESLA,83
2026,4,TOYOTA,40
2026,4,VOLVO,120
2026,4,VW,94
2026,4,XPENG,13
2026,4,ZEEKR,29
