year,month,fuel_type,count
2016,1,BEV,234
2016,1,CNG,39
2016,1,Diesel,8660
2016,1,Diesel PHEV,4
2016,1,Hybrid (Diesel),53
2016,1,Hybrid (Petrol),451
2016,1,PHEV,139
2016,1,Petrol,10947
2016,2,BEV,138
2016,2,CNG,62
2016,2,Diesel,9097
2016,2,Diesel PHEV,4
2016,2,Hybrid (Diesel),62
2016,2,Hybrid (Petrol),487
2016,2,LPG,1
2016,2,PHEV,192
2016,2,Petrol,12643
2016,3,BEV,416
2016,3,CNG,55
2016,3,Diesel,10744
2016,3,Diesel PHEV,17
2016,3,Hybrid (Diesel),61
2016,3,Hybrid (Petrol),691
2016,3,PHEV,210
2016,3,Petrol,16986
2016,4,BEV,222
2016,4,CNG,67
2016,4,Diesel,11172
2016,4,Diesel PHEV,5
2016,4,Hybrid (Diesel),66
2016,4,Hybrid (Petrol),601
2016,4,PHEV,187
2016,4,Petrol,16358
2016,5,BEV,174
2016,5,CNG,77
2016,5,Diesel,10156
2016,5,Diesel PHEV,8
2016,5,Hybrid (Diesel),50
2016,5,Hybrid (Petrol),628
2016,5,LPG,1
2016,5,PHEV,165
2016,5,Petrol,14759
2016,6,BEV,360
2016,6,CNG,98
2016,6,Diesel,12551
2016,6,Diesel PHEV,6
2016,6,Hybrid (Diesel),48
2016,6,Hybrid (Petrol),699
2016,6,PHEV,184
2016,6,Petrol,17334
2016,7,BEV,132
2016,7,CNG,65
2016,7,Diesel,10525
2016,7,Diesel PHEV,20
2016,7,Hybrid (Diesel),36
2016,7,Hybrid (Petrol),663
2016,7,PHEV,213
2016,7,Petrol,14415
2016,8,BEV,258
2016,8,CNG,53
2016,8,Diesel,8623
2016,8,Diesel PHEV,13
2016,8,Hybrid (Diesel),19
2016,8,Hybrid (Petrol),604
2016,8,PHEV,154
2016,8,Petrol,12152
2016,9,BEV,453
2016,9,CNG,84
2016,9,Diesel,9941
2016,9,Diesel PHEV,11
2016,9,Hybrid (Diesel),34
2016,9,Hybrid (Petrol),894
2016,9,LPG,1
2016,9,PHEV,212
2016,9,Petrol,14560
2016,10,BEV,198
2016,10,CNG,150
2016,10,Diesel,9105
2016,10,Diesel PHEV,16
2016,10,Hybrid (Diesel),24
2016,10,Hybrid (Petrol),714
2016,10,Hydrogen,10
2016,10,PHEV,127
2016,10,Petrol,13030
2016,11,BEV,174
2016,11,CNG,89
2016,11,Diesel,10423
2016,11,Diesel PHEV,23
2016,11,Hybrid (Diesel),19
2016,11,Hybrid (Petrol),791
2016,11,PHEV,137
2016,11,Petrol,14701
2016,12,BEV,541
2016,12,CNG,97
2016,12,Diesel,13430
2016,12,Diesel PHEV,18
2016,12,Hybrid (Diesel),18
2016,12,Hybrid (Petrol),812
2016,12,LPG,1
2016,12,PHEV,179
2016,12,Petrol,20199
2017,1,BEV,301
2017,1,CNG,46
2017,1,Diesel,8069
2017,1,Diesel PHEV,13
2017,1,Hybrid (Diesel),9
2017,1,Hybrid (Petrol),488
2017,1,LPG,1
2017,1,PHEV,130
2017,1,Petrol,10594
2017,2,BEV,200
2017,2,CNG,52
2017,2,Diesel,8937
2017,2,Diesel PHEV,9
2017,2,Hybrid (Diesel),17
2017,2,Hybrid (Petrol),603
2017,2,PHEV,113
2017,2,Petrol,12888
2017,3,BEV,571
2017,3,CNG,62
2017,3,Diesel,10901
2017,3,Diesel PHEV,7
2017,3,Hybrid (Diesel),7
2017,3,Hybrid (Petrol),831
2017,3,PHEV,151
2017,3,Petrol,18178
2017,4,BEV,220
2017,4,CNG,45
2017,4,Diesel,9475
2017,4,Diesel PHEV,10
2017,4,Hybrid (Diesel),5
2017,4,Hybrid (Petrol),775
2017,4,LPG,1
2017,4,PHEV,156
2017,4,Petrol,15153
2017,5,BEV,254
2017,5,CNG,55
2017,5,Diesel,10189
2017,5,Diesel PHEV,6
2017,5,Hybrid (Diesel),20
2017,5,Hybrid (Petrol),792
2017,5,PHEV,220
2017,5,Petrol,16744
2017,6,BEV,492
2017,6,CNG,53
2017,6,Diesel,12117
2017,6,Diesel PHEV,8
2017,6,Hybrid (Diesel),15
2017,6,Hybrid (Petrol),1012
2017,6,PHEV,160
2017,6,Petrol,18231
2017,7,BEV,254
2017,7,CNG,87
2017,7,Diesel,9217
2017,7,Diesel PHEV,4
2017,7,Hybrid (Diesel),8
2017,7,Hybrid (Petrol),652
2017,7,Hydrogen,1
2017,7,PHEV,173
2017,7,Petrol,14338
2017,8,BEV,324
2017,8,CNG,62
2017,8,Diesel,7900
2017,8,Diesel PHEV,8
2017,8,Hybrid (Diesel),13
2017,8,Hybrid (Petrol),759
2017,8,PHEV,237
2017,8,Petrol,13826
2017,9,BEV,550
2017,9,CNG,60
2017,9,Diesel,8337
2017,9,Diesel PHEV,6
2017,9,Hybrid (Diesel),14
2017,9,Hybrid (Petrol),1004
2017,9,PHEV,211
2017,9,Petrol,14456
2017,10,BEV,356
2017,10,CNG,102
2017,10,Diesel,8323
2017,10,Diesel PHEV,5
2017,10,Hybrid (Diesel),10
2017,10,Hybrid (Petrol),847
2017,10,PHEV,193
2017,10,Petrol,14794
2017,11,BEV,710
2017,11,CNG,50
2017,11,Diesel,8530
2017,11,Diesel PHEV,8
2017,11,Hybrid (Diesel),44
2017,11,Hybrid (Petrol),796
2017,11,PHEV,265
2017,11,Petrol,16273
2017,12,BEV,541
2017,12,CNG,87
2017,12,Diesel,11123
2017,12,Diesel PHEV,18
2017,12,Hybrid (Diesel),17
2017,12,Hybrid (Petrol),806
2017,12,Hydrogen,1
2017,12,PHEV,382
2017,12,Petrol,18018
2018,1,BEV,246
2018,1,CNG,91
2018,1,Diesel,7550
2018,1,Diesel PHEV,24
2018,1,Hybrid (Diesel),10
2018,1,Hybrid (Petrol),678
2018,1,Hydrogen,20
2018,1,PHEV,215
2018,1,Petrol,13217
2018,2,BEV,400
2018,2,CNG,100
2018,2,Diesel,7007
2018,2,Diesel PHEV,3
2018,2,Hybrid (Diesel),7
2018,2,Hybrid (Petrol),686
2018,2,LPG,2
2018,2,PHEV,180
2018,2,Petrol,13961
2018,3,BEV,672
2018,3,CNG,91
2018,3,Diesel,8339
2018,3,Diesel PHEV,14
2018,3,Hybrid (Diesel),25
2018,3,Hybrid (Petrol),939
2018,3,PHEV,238
2018,3,Petrol,18008
2018,4,BEV,277
2018,4,CNG,146
2018,4,Diesel,7451
2018,4,Diesel PHEV,5
2018,4,Hybrid (Diesel),30
2018,4,Hybrid (Petrol),1080
2018,4,Hydrogen,2
2018,4,PHEV,185
2018,4,Petrol,17249
2018,5,BEV,248
2018,5,CNG,70
2018,5,Diesel,8588
2018,5,Diesel PHEV,3
2018,5,Hybrid (Diesel),7
2018,5,Hybrid (Petrol),961
2018,5,Hydrogen,1
2018,5,PHEV,207
2018,5,Petrol,17628
2018,6,BEV,567
2018,6,CNG,98
2018,6,Diesel,9420
2018,6,Diesel PHEV,5
2018,6,Hybrid (Diesel),12
2018,6,Hybrid (Petrol),1150
2018,6,Hydrogen,1
2018,6,PHEV,255
2018,6,Petrol,19981
2018,7,BEV,226
2018,7,CNG,80
2018,7,Diesel,7616
2018,7,Diesel PHEV,2
2018,7,Hybrid (Diesel),56
2018,7,Hybrid (Petrol),1057
2018,7,PHEV,92
2018,7,Petrol,16162
2018,8,BEV,312
2018,8,CNG,60
2018,8,Diesel,6214
2018,8,Diesel PHEV,1
2018,8,Hybrid (Diesel),87
2018,8,Hybrid (Petrol),1014
2018,8,LPG,1
2018,8,PHEV,156
2018,8,Petrol,13621
2018,9,BEV,535
2018,9,CNG,18
2018,9,Diesel,5909
2018,9,Diesel PHEV,2
2018,9,Hybrid (Diesel),94
2018,9,Hybrid (Petrol),1145
2018,9,Hydrogen,1
2018,9,PHEV,100
2018,9,Petrol,12705
2018,10,BEV,408
2018,10,CNG,11
2018,10,Diesel,6029
2018,10,Diesel PHEV,2
2018,10,Hybrid (Diesel),127
2018,10,Hybrid (Petrol),1201
2018,10,PHEV,249
2018,10,Petrol,14690
2018,11,BEV,474
2018,11,CNG,14
2018,11,Diesel,7177
2018,11,Diesel PHEV,1
2018,11,Hybrid (Diesel),140
2018,11,Hybrid (Petrol),1217
2018,11,Hydrogen,1
2018,11,PHEV,194
2018,11,Petrol,14817
2018,12,BEV,749
2018,12,CNG,24
2018,12,Diesel,8805
2018,12,Diesel PHEV,1
2018,12,Hybrid (Diesel),209
2018,12,Hybrid (Petrol),1240
2018,12,Hydrogen,3
2018,12,PHEV,328
2018,12,Petrol,16105
2019,1,BEV,436
2019,1,CNG,12
2019,1,Diesel,6704
2019,1,Hybrid (Diesel),176
2019,1,Hybrid (Petrol),1034
2019,1,PHEV,99
2019,1,Petrol,12542
2019,2,BEV,750
2019,2,CNG,22
2019,2,Diesel,6562
2019,2,Hybrid (Diesel),108
2019,2,Hybrid (Petrol),1054
2019,2,PHEV,76
2019,2,Petrol,13786
2019,3,BEV,1918
2019,3,CNG,58
2019,3,Diesel,7187
2019,3,Hybrid (Diesel),179
2019,3,Hybrid (Petrol),1448
2019,3,Hydrogen,1
2019,3,PHEV,176
2019,3,Petrol,18299
2019,4,BEV,1050
2019,4,CNG,115
2019,4,Diesel,7395
2019,4,Hybrid (Diesel),115
2019,4,Hybrid (Petrol),1608
2019,4,PHEV,97
2019,4,Petrol,17943
2019,5,BEV,686
2019,5,CNG,165
2019,5,Diesel,7518
2019,5,Diesel PHEV,1
2019,5,Hybrid (Diesel),198
2019,5,Hybrid (Petrol),1822
2019,5,Hydrogen,9
2019,5,LPG,1
2019,5,PHEV,102
2019,5,Petrol,17712
2019,6,BEV,1152
2019,6,CNG,143
2019,6,Diesel,7552
2019,6,Diesel PHEV,1
2019,6,Hybrid (Diesel),290
2019,6,Hybrid (Petrol),1630
2019,6,Hydrogen,3
2019,6,PHEV,96
2019,6,Petrol,17537
2019,7,BEV,686
2019,7,CNG,101
2019,7,Diesel,6451
2019,7,Hybrid (Diesel),462
2019,7,Hybrid (Petrol),1516
2019,7,Hydrogen,2
2019,7,PHEV,173
2019,7,Petrol,15832
2019,8,BEV,626
2019,8,CNG,119
2019,8,Diesel,4905
2019,8,Diesel PHEV,1
2019,8,Hybrid (Diesel),307
2019,8,Hybrid (Petrol),1412
2019,8,Hydrogen,2
2019,8,PHEV,168
2019,8,Petrol,11986
2019,9,BEV,1582
2019,9,CNG,153
2019,9,Diesel,5336
2019,9,Hybrid (Diesel),423
2019,9,Hybrid (Petrol),1540
2019,9,Hydrogen,4
2019,9,LPG,1
2019,9,PHEV,258
2019,9,Petrol,14926
2019,10,BEV,666
2019,10,CNG,161
2019,10,Diesel,6232
2019,10,Diesel PHEV,4
2019,10,Hybrid (Diesel),502
2019,10,Hybrid (Petrol),1859
2019,10,Hydrogen,4
2019,10,PHEV,262
2019,10,Petrol,16345
2019,11,BEV,787
2019,11,CNG,126
2019,11,Diesel,5702
2019,11,Diesel PHEV,2
2019,11,Hybrid (Diesel),421
2019,11,Hybrid (Petrol),1993
2019,11,PHEV,285
2019,11,Petrol,14906
2019,12,BEV,2842
2019,12,CNG,74
2019,12,Diesel,7772
2019,12,Diesel PHEV,1
2019,12,Hybrid (Diesel),651
2019,12,Hybrid (Petrol),3156
2019,12,LPG,2
2019,12,PHEV,567
2019,12,Petrol,19588
2020,1,BEV,792
2020,1,CNG,149
2020,1,Diesel,4861
2020,1,Diesel PHEV,2
2020,1,Hybrid (Diesel),407
2020,1,Hybrid (Petrol),1798
2020,1,Hydrogen,10
2020,1,PHEV,515
2020,1,Petrol,10422
2020,2,BEV,784
2020,2,CNG,48
2020,2,Diesel,4768
2020,2,Diesel PHEV,1
2020,2,Hybrid (Diesel),332
2020,2,Hybrid (Petrol),1872
2020,2,Hydrogen,5
2020,2,PHEV,611
2020,2,Petrol,10749
2020,3,BEV,1593
2020,3,CNG,61
2020,3,Diesel,4073
2020,3,Diesel PHEV,2
2020,3,Hybrid (Diesel),330
2020,3,Hybrid (Petrol),1810
2020,3,Hydrogen,1
2020,3,PHEV,731
2020,3,Petrol,9159
2020,4,BEV,500
2020,4,CNG,23
2020,4,Diesel,2305
2020,4,Diesel PHEV,3
2020,4,Hybrid (Diesel),167
2020,4,Hybrid (Petrol),947
2020,4,Hydrogen,1
2020,4,LPG,1
2020,4,PHEV,328
2020,4,Petrol,5007
2020,5,BEV,688
2020,5,CNG,21
2020,5,Diesel,2769
2020,5,Diesel PHEV,10
2020,5,Hybrid (Diesel),216
2020,5,Hybrid (Petrol),1681
2020,5,Hydrogen,2
2020,5,PHEV,491
2020,5,Petrol,8036
2020,6,BEV,1366
2020,6,CNG,68
2020,6,Diesel,5237
2020,6,Diesel PHEV,7
2020,6,Hybrid (Diesel),454
2020,6,Hybrid (Petrol),2755
2020,6,PHEV,835
2020,6,Petrol,13795
2020,7,BEV,981
2020,7,CNG,58
2020,7,Diesel,5719
2020,7,Diesel PHEV,4
2020,7,Hybrid (Diesel),476
2020,7,Hybrid (Petrol),2313
2020,7,Hydrogen,4
2020,7,PHEV,1004
2020,7,Petrol,11882
2020,8,BEV,1625
2020,8,CNG,33
2020,8,Diesel,3688
2020,8,Diesel PHEV,4
2020,8,Hybrid (Diesel),350
2020,8,Hybrid (Petrol),1926
2020,8,Hydrogen,5
2020,8,PHEV,834
2020,8,Petrol,7815
2020,9,BEV,2865
2020,9,CNG,20
2020,9,Diesel,4191
2020,9,Diesel PHEV,17
2020,9,Hybrid (Diesel),442
2020,9,Hybrid (Petrol),2866
2020,9,Hydrogen,3
2020,9,LPG,1
2020,9,PHEV,1255
2020,9,Petrol,9774
2020,10,BEV,1493
2020,10,CNG,32
2020,10,Diesel,4123
2020,10,Diesel PHEV,10
2020,10,Hybrid (Diesel),650
2020,10,Hybrid (Petrol),3163
2020,10,Hydrogen,4
2020,10,PHEV,1351
2020,10,Petrol,10214
2020,11,BEV,2193
2020,11,CNG,25
2020,11,Diesel,4855
2020,11,Diesel PHEV,33
2020,11,Hybrid (Diesel),693
2020,11,Hybrid (Petrol),3516
2020,11,Hydrogen,3
2020,11,PHEV,1625
2020,11,Petrol,9837
2020,12,BEV,4642
2020,12,CNG,24
2020,12,Diesel,5239
2020,12,Diesel PHEV,47
2020,12,Hybrid (Diesel),859
2020,12,Hybrid (Petrol),4199
2020,12,Hydrogen,4
2020,12,PHEV,2661
2020,12,Petrol,11646
2021,1,BEV,1050
2021,1,CNG,17
2021,1,Diesel,2850
2021,1,Diesel PHEV,21
2021,1,Hybrid (Diesel),645
2021,1,Hybrid (Petrol),2871
2021,1,Hydrogen,2
2021,1,PHEV,944
2021,1,Petrol,7022
2021,2,BEV,1397
2021,2,CNG,21
2021,2,Diesel,2649
2021,2,Diesel PHEV,17
2021,2,Hybrid (Diesel),632
2021,2,Hybrid (Petrol),3231
2021,2,Hydrogen,3
2021,2,PHEV,780
2021,2,Petrol,7490
2021,3,BEV,2324
2021,3,CNG,27
2021,3,Diesel,3934
2021,3,Diesel PHEV,31
2021,3,Hybrid (Diesel),1090
2021,3,Hybrid (Petrol),4905
2021,3,Hydrogen,10
2021,3,LPG,1
2021,3,PHEV,1158
2021,3,Petrol,11802
2021,4,BEV,1969
2021,4,CNG,29
2021,4,Diesel,3302
2021,4,Diesel PHEV,20
2021,4,Hybrid (Diesel),934
2021,4,Hybrid (Petrol),4739
2021,4,Hydrogen,5
2021,4,LPG,2
2021,4,PHEV,1063
2021,4,Petrol,9938
2021,5,BEV,1922
2021,5,CNG,24
2021,5,Diesel,3199
2021,5,Diesel PHEV,28
2021,5,Hybrid (Diesel),805
2021,5,Hybrid (Petrol),4184
2021,5,Hydrogen,2
2021,5,LPG,1
2021,5,PHEV,955
2021,5,Petrol,8860
2021,6,BEV,3691
2021,6,CNG,29
2021,6,Diesel,3491
2021,6,Diesel PHEV,40
2021,6,Hybrid (Diesel),1063
2021,6,Hybrid (Petrol),5459
2021,6,Hydrogen,9
2021,6,PHEV,1141
2021,6,Petrol,11101
2021,7,BEV,1832
2021,7,CNG,12
2021,7,Diesel,2591
2021,7,Diesel PHEV,33
2021,7,Hybrid (Diesel),887
2021,7,Hybrid (Petrol),4299
2021,7,Hydrogen,9
2021,7,PHEV,881
2021,7,Petrol,8701
2021,8,BEV,2245
2021,8,CNG,16
2021,8,Diesel,1918
2021,8,Diesel PHEV,40
2021,8,Hybrid (Diesel),731
2021,8,Hybrid (Petrol),4404
2021,8,Hydrogen,11
2021,8,LPG,1
2021,8,PHEV,762
2021,8,Petrol,6321
2021,9,BEV,4035
2021,9,CNG,11
2021,9,Diesel,1946
2021,9,Diesel PHEV,50
2021,9,Hybrid (Diesel),837
2021,9,Hybrid (Petrol),4927
2021,9,Hydrogen,5
2021,9,PHEV,817
2021,9,Petrol,7045
2021,10,BEV,2183
2021,10,CNG,24
2021,10,Diesel,1518
2021,10,Diesel PHEV,31
2021,10,Hybrid (Diesel),569
2021,10,Hybrid (Petrol),3976
2021,10,Hydrogen,3
2021,10,PHEV,649
2021,10,Petrol,6105
2021,11,BEV,3589
2021,11,CNG,12
2021,11,Diesel,1991
2021,11,Diesel PHEV,28
2021,11,Hybrid (Diesel),784
2021,11,Hybrid (Petrol),4509
2021,11,Hydrogen,3
2021,11,LPG,1
2021,11,PHEV,669
2021,11,Petrol,7220
2021,12,BEV,5598
2021,12,CNG,60
2021,12,Diesel,3012
2021,12,Diesel PHEV,21
2021,12,Hybrid (Diesel),891
2021,12,Hybrid (Petrol),5757
2021,12,Hydrogen,4
2021,12,PHEV,802
2021,12,Petrol,8244
2022,1,BEV,2152
2022,1,CNG,13
2022,1,Diesel,2098
2022,1,Diesel PHEV,18
2022,1,Hybrid (Diesel),681
2022,1,Hybrid (Petrol),3604
2022,1,Hydrogen,8
2022,1,LPG,1
2022,1,PHEV,1219
2022,1,Petrol,6350
2022,2,BEV,2455
2022,2,CNG,6
2022,2,Diesel,2157
2022,2,Diesel PHEV,26
2022,2,Hybrid (Diesel),731
2022,2,Hybrid (Petrol),3648
2022,2,Hydrogen,4
2022,2,PHEV,1270
2022,2,Petrol,6385
2022,3,BEV,4252
2022,3,CNG,12
2022,3,Diesel,2226
2022,3,Diesel PHEV,42
2022,3,Hybrid (Diesel),883
2022,3,Hybrid (Petrol),4735
2022,3,Hydrogen,6
2022,3,PHEV,1592
2022,3,Petrol,7979
2022,4,BEV,2110
2022,4,CNG,7
2022,4,Diesel,1916
2022,4,Diesel PHEV,31
2022,4,Hybrid (Diesel),688
2022,4,Hybrid (Petrol),3663
2022,4,Hydrogen,9
2022,4,PHEV,1090
2022,4,Petrol,6088
2022,5,BEV,2623
2022,5,CNG,9
2022,5,Diesel,2615
2022,5,Diesel PHEV,32
2022,5,Hybrid (Diesel),909
2022,5,Hybrid (Petrol),4089
2022,5,Hydrogen,10
2022,5,PHEV,1407
2022,5,Petrol,6772
2022,6,BEV,4460
2022,6,CNG,9
2022,6,Diesel,2469
2022,6,Diesel PHEV,40
2022,6,Hybrid (Diesel),860
2022,6,Hybrid (Petrol),4387
2022,6,Hydrogen,10
2022,6,LPG,1
2022,6,PHEV,1395
2022,6,Petrol,7655
2022,7,BEV,1991
2022,7,CNG,10
2022,7,Diesel,1961
2022,7,Diesel PHEV,31
2022,7,Hybrid (Diesel),759
2022,7,Hybrid (Petrol),2931
2022,7,Hydrogen,10
2022,7,PHEV,1133
2022,7,Petrol,6733
2022,8,BEV,2293
2022,8,CNG,18
2022,8,Diesel,2056
2022,8,Diesel PHEV,24
2022,8,Hybrid (Diesel),861
2022,8,Hybrid (Petrol),3309
2022,8,Hydrogen,5
2022,8,PHEV,1111
2022,8,Petrol,6729
2022,9,BEV,4220
2022,9,CNG,3
2022,9,Diesel,2414
2022,9,Diesel PHEV,36
2022,9,Hybrid (Diesel),902
2022,9,Hybrid (Petrol),4228
2022,9,Hydrogen,4
2022,9,LPG,1
2022,9,PHEV,1360
2022,9,Petrol,7849
2022,10,BEV,2442
2022,10,CNG,13
2022,10,Diesel,1869
2022,10,Diesel PHEV,28
2022,10,Hybrid (Diesel),906
2022,10,Hybrid (Petrol),4053
2022,10,Hydrogen,1
2022,10,PHEV,1180
2022,10,Petrol,6701
2022,11,BEV,4355
2022,11,CNG,8
2022,11,Diesel,2205
2022,11,Diesel PHEV,36
2022,11,Hybrid (Diesel),1145
2022,11,Hybrid (Petrol),4520
2022,11,PHEV,1534
2022,11,Petrol,7544
2022,12,BEV,6820
2022,12,CNG,14
2022,12,Diesel,2300
2022,12,Diesel PHEV,60
2022,12,Hybrid (Diesel),1371
2022,12,Hybrid (Petrol),4260
2022,12,Hydrogen,5
2022,12,LPG,1
2022,12,PHEV,1644
2022,12,Petrol,8030
2023,1,BEV,2870
2023,1,CNG,3
2023,1,Diesel,1660
2023,1,Diesel PHEV,32
2023,1,Hybrid (Diesel),960
2023,1,Hybrid (Petrol),3795
2023,1,Hydrogen,7
2023,1,PHEV,1338
2023,1,Petrol,5982
2023,2,BEV,2606
2023,2,CNG,3
2023,2,Diesel,1607
2023,2,Diesel PHEV,22
2023,2,Hybrid (Diesel),955
2023,2,Hybrid (Petrol),3971
2023,2,Hydrogen,3
2023,2,LPG,1
2023,2,PHEV,1419
2023,2,Petrol,6651
2023,3,BEV,4841
2023,3,CNG,13
2023,3,Diesel,2354
2023,3,Diesel PHEV,28
2023,3,Hybrid (Diesel),1351
2023,3,Hybrid (Petrol),5733
2023,3,Hydrogen,7
2023,3,LPG,2
2023,3,PHEV,2004
2023,3,Petrol,8998
2023,4,BEV,3389
2023,4,CNG,3
2023,4,Diesel,1646
2023,4,Diesel PHEV,16
2023,4,Hybrid (Diesel),958
2023,4,Hybrid (Petrol),4238
2023,4,Hydrogen,2
2023,4,PHEV,1279
2023,4,Petrol,6605
2023,5,BEV,4354
2023,5,CNG,8
2023,5,Diesel,2180
2023,5,Diesel PHEV,20
2023,5,Hybrid (Diesel),1008
2023,5,Hybrid (Petrol),4990
2023,5,Hydrogen,1
2023,5,PHEV,1564
2023,5,Petrol,7465
2023,6,BEV,5193
2023,6,CNG,4
2023,6,Diesel,2450
2023,6,Diesel PHEV,35
2023,6,Hybrid (Diesel),1085
2023,6,Hybrid (Petrol),5820
2023,6,Hydrogen,1
2023,6,PHEV,2113
2023,6,Petrol,8472
2023,7,BEV,3604
2023,7,CNG,2
2023,7,Diesel,1958
2023,7,Diesel PHEV,42
2023,7,Hybrid (Diesel),812
2023,7,Hybrid (Petrol),4140
2023,7,Hydrogen,2
2023,7,PHEV,1605
2023,7,Petrol,6253
2023,8,BEV,4302
2023,8,Diesel,1775
2023,8,Diesel PHEV,46
2023,8,Hybrid (Diesel),917
2023,8,Hybrid (Petrol),4373
2023,8,Hydrogen,1
2023,8,PHEV,1564
2023,8,Petrol,6056
2023,9,BEV,5157
2023,9,Diesel,1821
2023,9,Diesel PHEV,52
2023,9,Hybrid (Diesel),1166
2023,9,Hybrid (Petrol),4771
2023,9,LPG,1
2023,9,PHEV,1917
2023,9,Petrol,6793
2023,10,BEV,4496
2023,10,Diesel,1750
2023,10,Diesel PHEV,48
2023,10,Hybrid (Diesel),926
2023,10,Hybrid (Petrol),4901
2023,10,Hydrogen,1
2023,10,PHEV,1883
2023,10,Petrol,6267
2023,11,BEV,4737
2023,11,CNG,1
2023,11,Diesel,2044
2023,11,Diesel PHEV,47
2023,11,Hybrid (Diesel),1135
2023,11,Hybrid (Petrol),5222
2023,11,Hydrogen,1
2023,11,PHEV,2016
2023,11,Petrol,6815
2023,12,BEV,7252
2023,12,CNG,2
2023,12,Diesel,2270
2023,12,Diesel PHEV,71
2023,12,Hybrid (Diesel),1225
2023,12,Hybrid (Petrol),5918
2023,12,Hydrogen,1
2023,12,PHEV,2569
2023,12,Petrol,7550
2024,1,BEV,2389
2024,1,CNG,1
2024,1,Diesel,1713
2024,1,Diesel PHEV,37
2024,1,Hybrid (Diesel),839
2024,1,Hybrid (Petrol),3903
2024,1,Hydrogen,6
2024,1,PHEV,1491
2024,1,Petrol,5007
2024,2,BEV,3311
2024,2,CNG,1
2024,2,Diesel,1727
2024,2,Diesel PHEV,48
2024,2,Hybrid (Diesel),813
2024,2,Hybrid (Petrol),5076
2024,2,Hydrogen,1
2024,2,PHEV,1662
2024,2,Petrol,5937
2024,3,BEV,4827
2024,3,CNG,1
2024,3,Diesel,2081
2024,3,Diesel PHEV,69
2024,3,Hybrid (Diesel),1049
2024,3,Hybrid (Petrol),6375
2024,3,PHEV,1882
2024,3,Petrol,7474
2024,4,BEV,3125
2024,4,Diesel,2035
2024,4,Diesel PHEV,60
2024,4,Hybrid (Diesel),1020
2024,4,Hybrid (Petrol),5387
2024,4,Hydrogen,1
2024,4,PHEV,1539
2024,4,Petrol,6698
2024,5,BEV,3583
2024,5,CNG,1
2024,5,Diesel,2433
2024,5,Diesel PHEV,56
2024,5,Hybrid (Diesel),1127
2024,5,Hybrid (Petrol),5508
2024,5,LPG,1
2024,5,PHEV,1663
2024,5,Petrol,6868
2024,6,BEV,4222
2024,6,Diesel,2269
2024,6,Diesel PHEV,68
2024,6,Hybrid (Diesel),1167
2024,6,Hybrid (Petrol),6873
2024,6,LPG,1
2024,6,PHEV,1722
2024,6,Petrol,6529
2024,7,BEV,3398
2024,7,Diesel,1848
2024,7,Diesel PHEV,28
2024,7,Hybrid (Diesel),992
2024,7,Hybrid (Petrol),5304
2024,7,Hydrogen,1
2024,7,PHEV,1433
2024,7,Petrol,5187
2024,8,BEV,3442
2024,8,Diesel,1430
2024,8,Diesel PHEV,25
2024,8,Hybrid (Diesel),935
2024,8,Hybrid (Petrol),4751
2024,8,PHEV,1161
2024,8,Petrol,4291
2024,9,BEV,4573
2024,9,Diesel,1677
2024,9,Diesel PHEV,39
2024,9,Hybrid (Diesel),1256
2024,9,Hybrid (Petrol),5774
2024,9,Hydrogen,1
2024,9,LPG,3
2024,9,PHEV,1611
2024,9,Petrol,5239
2024,10,BEV,3525
2024,10,Diesel,1598
2024,10,Diesel PHEV,30
2024,10,Hybrid (Diesel),1079
2024,10,Hybrid (Petrol),5839
2024,10,PHEV,1655
2024,10,Petrol,4927
2024,11,BEV,4202
2024,11,Diesel,1511
2024,11,Diesel PHEV,31
2024,11,Hybrid (Diesel),1102
2024,11,Hybrid (Petrol),6261
2024,11,Hydrogen,1
2024,11,PHEV,1578
2024,11,Petrol,5109
2024,12,BEV,5530
2024,12,Diesel,2207
2024,12,Diesel PHEV,24
2024,12,Hybrid (Diesel),1277
2024,12,Hybrid (Petrol),7513
2024,12,Hydrogen,1
2024,12,LPG,2
2024,12,PHEV,2154
2024,12,Petrol,6279
2025,1,BEV,2951
2025,1,Diesel,1236
2025,1,Diesel PHEV,16
2025,1,Hybrid (Diesel),926
2025,1,Hybrid (Petrol),4658
2025,1,Hydrogen,1
2025,1,LPG,1
2025,1,PHEV,1309
2025,1,Petrol,3885
2025,2,BEV,3428
2025,2,Diesel,1278
2025,2,Diesel PHEV,26
2025,2,Hybrid (Diesel),699
2025,2,Hybrid (Petrol),5357
2025,2,Hydrogen,1
2025,2,LPG,2
2025,2,PHEV,1408
2025,2,Petrol,4087
2025,3,BEV,4472
2025,3,Diesel,1616
2025,3,Diesel PHEV,44
2025,3,Hybrid (Diesel),991
2025,3,Hybrid (Petrol),7384
2025,3,PHEV,1986
2025,3,Petrol,5335
2025,4,BEV,3450
2025,4,Diesel,1332
2025,4,Diesel PHEV,42
2025,4,Hybrid (Diesel),991
2025,4,Hybrid (Petrol),5905
2025,4,Hydrogen,1
2025,4,PHEV,1855
2025,4,Petrol,5034
2025,5,BEV,4202
2025,5,Diesel,1389
2025,5,Diesel PHEV,51
2025,5,Hybrid (Diesel),951
2025,5,Hybrid (Petrol),6329
2025,5,LPG,1
2025,5,PHEV,2199
2025,5,Petrol,4906
2025,6,BEV,5047
2025,6,Diesel,1520
2025,6,Diesel PHEV,63
2025,6,Hybrid (Diesel),982
2025,6,Hybrid (Petrol),7302
2025,6,LPG,1
2025,6,PHEV,2374
2025,6,Petrol,5382
2025,7,BEV,3785
2025,7,Diesel,1503
2025,7,Diesel PHEV,44
2025,7,Hybrid (Diesel),784
2025,7,Hybrid (Petrol),5839
2025,7,PHEV,2181
2025,7,Petrol,4412
2025,8,BEV,3277
2025,8,Diesel,1188
2025,8,Diesel PHEV,48
2025,8,Hybrid (Diesel),770
2025,8,Hybrid (Petrol),5154
2025,8,PHEV,1919
2025,8,Petrol,3910
2025,9,BEV,5164
2025,9,Diesel,1118
2025,9,Diesel PHEV,52
2025,9,Hybrid (Diesel),837
2025,9,Hybrid (Petrol),6009
2025,9,PHEV,2441
2025,9,Petrol,4355
2025,10,BEV,4228
2025,10,Diesel,1180
2025,10,Diesel PHEV,36
2025,10,Hybrid (Diesel),783
2025,10,Hybrid (Petrol),5713
2025,10,Hydrogen,1
2025,10,PHEV,2273
2025,10,Petrol,4342
2025,11,BEV,4798
2025,11,Diesel,1241
2025,11,Diesel PHEV,44
2025,11,Hybrid (Diesel),768
2025,11,Hybrid (Petrol),6005
2025,11,PHEV,2163
2025,11,Petrol,4623
2025,12,BEV,8493
2025,12,CNG,1
2025,12,Diesel,1355
2025,12,Diesel PHEV,59
2025,12,Hybrid (Diesel),1078
2025,12,Hybrid (Petrol),7175
2025,12,PHEV,2822
2025,12,Petrol,5483
2026,1,BEV,2954
2026,1,Diesel,886
2026,1,Diesel PHEV,31
2026,1,Hybrid (Diesel),784
2026,1,Hybrid (Petrol),5046
2026,1,PHEV,1514
2026,1,Petrol,2994
2026,2,BEV,3134
2026,2,CNG,1
2026,2,Diesel,929
2026,2,Diesel PHEV,51
2026,2,Hybrid (Diesel),701
2026,2,Hybrid (Petrol),5553
2026,2,PHEV,1545
2026,2,Petrol,3867
2026,3,BEV,5407
2026,3,Diesel,1202
2026,3,Diesel PHEV,51
2026,3,Hybrid (Diesel),1039
2026,3,Hybrid (Petrol),8442
2026,3,PHEV,2250
2026,3,Petrol,4886
2026,4,BEV,4602
2026,4,Diesel,971
2026,4,Diesel PHEV,44
2026,4,Hybrid (Diesel),722
2026,4,Hybrid (Petrol),6108
2026,4,Hydrogen,1
2026,4,PHEV,1911
2026,4,Petrol,3974
